{"0": {"my-scheduler-7478985f44-22mz6": {"got jobs": [], "initial w": 4.7800000473432505, "final w": 4.7800000473432505}, "my-scheduler-7478985f44-28qjd": {"got jobs": [], "initial w": 17.780000009262494, "final w": 17.780000009262494}, "my-scheduler-7478985f44-2vwcn": {"got jobs": [5], "initial w": 16.78000001275943, "final w": 11.78000001275943}, "my-scheduler-7478985f44-2zhkz": {"got jobs": [12], "initial w": 13.779999982794788, "final w": 1.7799999827947879}, "my-scheduler-7478985f44-4gxlk": {"got jobs": [], "initial w": -1.2200000062502383, "final w": -1.2200000062502383}, "my-scheduler-7478985f44-4wmcm": {"got jobs": [], "initial w": 17.779999999216898, "final w": 17.779999999216898}, "my-scheduler-7478985f44-55xgb": {"got jobs": [19], "initial w": 20.780000015348694, "final w": 1.7800000153486941}, "my-scheduler-7478985f44-57fj2": {"got jobs": [1], "initial w": 4.779999993319631, "final w": 3.779999993319631}, "my-scheduler-7478985f44-5qbfs": {"got jobs": [], "initial w": 5.780000000502163, "final w": 5.780000000502163}, "my-scheduler-7478985f44-5zkkq": {"got jobs": [12], "initial w": 21.780000030055565, "final w": 9.780000030055565}, "my-scheduler-7478985f44-6224s": {"got jobs": [1], "initial w": 11.779999956978699, "final w": 10.779999956978699}, "my-scheduler-7478985f44-65s5h": {"got jobs": [16], "initial w": 19.780000002703183, "final w": 3.780000002703183}, "my-scheduler-7478985f44-6d6z5": {"got jobs": [10, 3], "initial w": 19.779999956700326, "final w": 6.779999956700326}, "my-scheduler-7478985f44-6rrf2": {"got jobs": [11], "initial w": 17.77999998923105, "final w": 6.779999989231051}, "my-scheduler-7478985f44-6s42s": {"got jobs": [], "initial w": 2.7800000259073308, "final w": 2.7800000259073308}, "my-scheduler-7478985f44-72bd8": {"got jobs": [9], "initial w": 16.7799999581366, "final w": 7.7799999581365995}, "my-scheduler-7478985f44-78ds6": {"got jobs": [], "initial w": 1.7800000222538124, "final w": 1.7800000222538124}, "my-scheduler-7478985f44-7f6vh": {"got jobs": [18], "initial w": 21.780000006578952, "final w": 3.780000006578952}, "my-scheduler-7478985f44-7fmr2": {"got jobs": [8], "initial w": 13.77999999396732, "final w": 5.779999993967319}, "my-scheduler-7478985f44-7nsjt": {"got jobs": [19], "initial w": 20.77999998253753, "final w": 1.7799999825375288}, "my-scheduler-7478985f44-7pc87": {"got jobs": [19], "initial w": 20.779999998037034, "final w": 1.7799999980370345}, "my-scheduler-7478985f44-8bhdv": {"got jobs": [], "initial w": -0.22000003294702708, "final w": -0.22000003294702708}, "my-scheduler-7478985f44-8fd4n": {"got jobs": [8], "initial w": 16.77999998432924, "final w": 8.77999998432924}, "my-scheduler-7478985f44-8r9bv": {"got jobs": [], "initial w": -0.21999994235444476, "final w": -0.21999994235444476}, "my-scheduler-7478985f44-8st67": {"got jobs": [2], "initial w": 12.779999971383205, "final w": 10.779999971383205}, "my-scheduler-7478985f44-9559k": {"got jobs": [], "initial w": 2.7800000057241334, "final w": 2.7800000057241334}, "my-scheduler-7478985f44-9nf4g": {"got jobs": [15], "initial w": 22.77999992261342, "final w": 7.77999992261342}, "my-scheduler-7478985f44-9r9zz": {"got jobs": [17], "initial w": 21.780000010007093, "final w": 4.780000010007093}, "my-scheduler-7478985f44-9wgsj": {"got jobs": [5], "initial w": 12.780000007437849, "final w": 7.780000007437849}, "my-scheduler-7478985f44-b5kg4": {"got jobs": [9], "initial w": 11.779999963580934, "final w": 2.7799999635809343}, "my-scheduler-7478985f44-b6wvs": {"got jobs": [], "initial w": -4.219999987343041, "final w": -4.219999987343041}, "my-scheduler-7478985f44-bjt5x": {"got jobs": [], "initial w": -1.2200000016410364, "final w": -1.2200000016410364}, "my-scheduler-7478985f44-bk88r": {"got jobs": [9], "initial w": 18.780000011611687, "final w": 9.780000011611687}, "my-scheduler-7478985f44-bmnhz": {"got jobs": [19], "initial w": 20.77999997525962, "final w": 1.7799999752596207}, "my-scheduler-7478985f44-bnwmx": {"got jobs": [8], "initial w": 9.780000006181876, "final w": 1.7800000061818757}, "my-scheduler-7478985f44-bp8r5": {"got jobs": [15], "initial w": 21.780000004713635, "final w": 6.780000004713635}, "my-scheduler-7478985f44-bpwmk": {"got jobs": [8], "initial w": 14.779999992960612, "final w": 6.779999992960612}, "my-scheduler-7478985f44-bvfl2": {"got jobs": [9], "initial w": 20.780000011459745, "final w": 11.780000011459745}, "my-scheduler-7478985f44-c2s9h": {"got jobs": [8], "initial w": 14.780000010213179, "final w": 6.780000010213179}, "my-scheduler-7478985f44-c7d65": {"got jobs": [16], "initial w": 19.77999994210026, "final w": 3.779999942100261}, "my-scheduler-7478985f44-cjwxk": {"got jobs": [], "initial w": -0.21999996857350368, "final w": -0.21999996857350368}, "my-scheduler-7478985f44-d7bqk": {"got jobs": [21], "initial w": 22.780000041856823, "final w": 1.7800000418568231}, "my-scheduler-7478985f44-dhs54": {"got jobs": [15], "initial w": 21.78000001992839, "final w": 6.780000019928391}, "my-scheduler-7478985f44-dljmg": {"got jobs": [], "initial w": 16.78000002820188, "final w": 16.78000002820188}, "my-scheduler-7478985f44-dlps6": {"got jobs": [7], "initial w": 9.779999963243476, "final w": 2.779999963243476}, "my-scheduler-7478985f44-dq6v6": {"got jobs": [10], "initial w": 15.780000053663429, "final w": 5.780000053663429}, "my-scheduler-7478985f44-f8vk8": {"got jobs": [8], "initial w": 15.780000014279114, "final w": 7.780000014279114}, "my-scheduler-7478985f44-fh7qg": {"got jobs": [2], "initial w": 10.779999960530851, "final w": 8.779999960530851}, "my-scheduler-7478985f44-fmmlr": {"got jobs": [12, 9], "initial w": 22.779999986943935, "final w": 1.7799999869439347}, "my-scheduler-7478985f44-gnvn6": {"got jobs": [13], "initial w": 20.78000000507939, "final w": 7.7800000050793905}, "my-scheduler-7478985f44-gxtxz": {"got jobs": [12], "initial w": 21.77999998136559, "final w": 9.779999981365592}, "my-scheduler-7478985f44-h5zpb": {"got jobs": [2], "initial w": 10.77999999455843, "final w": 8.77999999455843}, "my-scheduler-7478985f44-httpb": {"got jobs": [19], "initial w": 22.780000005217204, "final w": 3.780000005217204}, "my-scheduler-7478985f44-hx8vn": {"got jobs": [7], "initial w": 14.779999971973236, "final w": 7.779999971973236}, "my-scheduler-7478985f44-jjchg": {"got jobs": [], "initial w": 5.78000002045156, "final w": 5.78000002045156}, "my-scheduler-7478985f44-jn5lz": {"got jobs": [], "initial w": 9.780000020173578, "final w": 9.780000020173578}, "my-scheduler-7478985f44-jrg6c": {"got jobs": [13], "initial w": 16.78000004378361, "final w": 3.780000043783609}, "my-scheduler-7478985f44-kb7qq": {"got jobs": [18], "initial w": 21.780000019893546, "final w": 3.7800000198935457}, "my-scheduler-7478985f44-kd8px": {"got jobs": [4], "initial w": 12.779999988308607, "final w": 8.779999988308607}, "my-scheduler-7478985f44-kdxp9": {"got jobs": [], "initial w": 2.7800000131845977, "final w": 2.7800000131845977}, "my-scheduler-7478985f44-kmp42": {"got jobs": [11], "initial w": 13.779999972646348, "final w": 2.7799999726463476}, "my-scheduler-7478985f44-kq86r": {"got jobs": [4], "initial w": 15.780000029493486, "final w": 11.780000029493486}, "my-scheduler-7478985f44-l5wnw": {"got jobs": [5], "initial w": 8.779999992089941, "final w": 3.779999992089941}, "my-scheduler-7478985f44-l8g5k": {"got jobs": [], "initial w": 14.780000006137431, "final w": 14.780000006137431}, "my-scheduler-7478985f44-mrn87": {"got jobs": [6], "initial w": 18.780000019990347, "final w": 12.780000019990347}, "my-scheduler-7478985f44-ms59v": {"got jobs": [14], "initial w": 20.779999989985466, "final w": 6.779999989985466}, "my-scheduler-7478985f44-mtnl9": {"got jobs": [10], "initial w": 15.779999960404222, "final w": 5.779999960404222}, "my-scheduler-7478985f44-n9ncs": {"got jobs": [3], "initial w": 3.7800000606908455, "final w": 0.7800000606908455}, "my-scheduler-7478985f44-nclgc": {"got jobs": [18], "initial w": 18.78000002456773, "final w": 0.7800000245677303},