{"0": {"my-scheduler-6f99ff999d-24h47": {"setup time": 22.744683186, "avg time per iter": 12009.5, "total time": 192152, "total iter": 15, "msg rcv total": 4908, "msg sent total": 8148}, "my-scheduler-6f99ff999d-2knhg": {"setup time": 29.657727317, "avg time per iter": 11595.5625, "total time": 185529, "total iter": 15, "msg rcv total": 8180, "msg sent total": 9816}, "my-scheduler-6f99ff999d-2nd7q": {"setup time": 28.151642557, "avg time per iter": 12850.125, "total time": 205602, "total iter": 15, "msg rcv total": 12270, "msg sent total": 9816}, "my-scheduler-6f99ff999d-2qjxx": {"setup time": 20.655422352, "avg time per iter": 11462.6875, "total time": 183403, "total iter": 15, "msg rcv total": 13088, "msg sent total": 16360}, "my-scheduler-6f99ff999d-45npr": {"setup time": 31.423546308, "avg time per iter": 11873.8125, "total time": 189981, "total iter": 15, "msg rcv total": 17996, "msg sent total": 12238}, "my-scheduler-6f99ff999d-4cpwq": {"setup time": 20.156283071, "avg time per iter": 11435.3125, "total time": 182965, "total iter": 15, "msg rcv total": 9816, "msg sent total": 12270}, "my-scheduler-6f99ff999d-4qkbj": {"setup time": 21.984226583, "avg time per iter": 11460.4375, "total time": 183367, "total iter": 15, "msg rcv total": 13088, "msg sent total": 13088}, "my-scheduler-6f99ff999d-4z4gq": {"setup time": 28.428781411, "avg time per iter": 12551.875, "total time": 200830, "total iter": 15, "msg rcv total": 10634, "msg sent total": 11452}, "my-scheduler-6f99ff999d-5f2kq": {"setup time": 22.226611903, "avg time per iter": 11452.0625, "total time": 183233, "total iter": 15, "msg rcv total": 14724, "msg sent total": 8998}, "my-scheduler-6f99ff999d-5gm27": {"setup time": 30.865997256, "avg time per iter": 11804, "total time": 188864, "total iter": 15, "msg rcv total": 13088, "msg sent total": 13088}, "my-scheduler-6f99ff999d-5z28v": {"setup time": 30.096737373, "avg time per iter": 11690.4375, "total time": 187047, "total iter": 15, "msg rcv total": 12270, "msg sent total": 12270}, "my-scheduler-6f99ff999d-65wj4": {"setup time": 26.642554913, "avg time per iter": 12836.1875, "total time": 205379, "total iter": 15, "msg rcv total": 17996, "msg sent total": 10634}, "my-scheduler-6f99ff999d-69wm6": {"setup time": 25.292412633, "avg time per iter": 12204.9375, "total time": 195279, "total iter": 15, "msg rcv total": 9816, "msg sent total": 12238}, "my-scheduler-6f99ff999d-6cvnq": {"setup time": 22.44002517, "avg time per iter": 11782.125, "total time": 188514, "total iter": 15, "msg rcv total": 13906, "msg sent total": 8998}, "my-scheduler-6f99ff999d-6qv4l": {"setup time": 32.296431577, "avg time per iter": 12434.75, "total time": 198956, "total iter": 15, "msg rcv total": 10634, "msg sent total": 17996}, "my-scheduler-6f99ff999d-7fhkw": {"setup time": 29.443168645, "avg time per iter": 13038.375, "total time": 208614, "total iter": 15, "msg rcv total": 11452, "msg sent total": 12270}, "my-scheduler-6f99ff999d-8jkzk": {"setup time": 18.439391363, "avg time per iter": 11378.75, "total time": 182060, "total iter": 15, "msg rcv total": 13906, "msg sent total": 11452}, "my-scheduler-6f99ff999d-8t65n": {"setup time": 20.26719418, "avg time per iter": 11383.75, "total time": 182140, "total iter": 15, "msg rcv total": 7362, "msg sent total": 13056}, "my-scheduler-6f99ff999d-999q7": {"setup time": 32.666737805, "avg time per iter": 12347.625, "total time": 197562, "total iter": 15, "msg rcv total": 17178, "msg sent total": 8148}, "my-scheduler-6f99ff999d-9plwg": {"setup time": 29.917810958, "avg time per iter": 11907.125, "total time": 190514, "total iter": 15, "msg rcv total": 7362, "msg sent total": 12270}, "my-scheduler-6f99ff999d-9vgmk": {"setup time": 24.220736672, "avg time per iter": 12202.875, "total time": 195246, "total iter": 15, "msg rcv total": 8998, "msg sent total": 11452}, "my-scheduler-6f99ff999d-9w8bb": {"setup time": 31.993493007, "avg time per iter": 12488.375, "total time": 199814, "total iter": 15, "msg rcv total": 14724, "msg sent total": 5726}, "my-scheduler-6f99ff999d-9zndr": {"setup time": 21.415417493, "avg time per iter": 11736.625, "total time": 187786, "total iter": 15, "msg rcv total": 7362, "msg sent total": 13056}, "my-scheduler-6f99ff999d-b9wfg": {"setup time": 29.224331254, "avg time per iter": 12374.875, "total time": 197998, "total iter": 15, "msg rcv total": 11452, "msg sent total": 13088}, "my-scheduler-6f99ff999d-bc5kn": {"setup time": 33.885549864, "avg time per iter": 12429.5625, "total time": 198873, "total iter": 15, "msg rcv total": 13906, "msg sent total": 9816}, "my-scheduler-6f99ff999d-bg25l": {"setup time": 23.901265608, "avg time per iter": 11994.625, "total time": 191914, "total iter": 15, "msg rcv total": 14724, "msg sent total": 13906}, "my-scheduler-6f99ff999d-bkbqs": {"setup time": 21.1212766, "avg time per iter": 11729.25, "total time": 187668, "total iter": 15, "msg rcv total": 10634, "msg sent total": 13906}, "my-scheduler-6f99ff999d-c76xk": {"setup time": 34.997671413, "avg time per iter": 12975.9375, "total time": 207615, "total iter": 15, "msg rcv total": 14934, "msg sent total": 8998}, "my-scheduler-6f99ff999d-cg97j": {"setup time": 30.750340368, "avg time per iter": 12130.375, "total time": 194086, "total iter": 15, "msg rcv total": 8998, "msg sent total": 8180}, "my-scheduler-6f99ff999d-cgn5q": {"setup time": 29.172290044, "avg time per iter": 12521.875, "total time": 200350, "total iter": 15, "msg rcv total": 13906, "msg sent total": 13088}, "my-scheduler-6f99ff999d-csvb9": {"setup time": 23.303633482, "avg time per iter": 11803.9375, "total time": 188863, "total iter": 15, "msg rcv total": 13088, "msg sent total": 10634}, "my-scheduler-6f99ff999d-cx76n": {"setup time": 26.053663604, "avg time per iter": 12187.375, "total time": 194998, "total iter": 15, "msg rcv total": 21268, "msg sent total": 14724}, "my-scheduler-6f99ff999d-czwx9": {"setup time": 32.098139827, "avg time per iter": 12416.0625, "total time": 198657, "total iter": 15, "msg rcv total": 13906, "msg sent total": 13906}, "my-scheduler-6f99ff999d-dm6bt": {"setup time": 19.438774816, "avg time per iter": 11506.5625, "total time": 184105, "total iter": 15, "msg rcv total": 17996, "msg sent total": 17178}, "my-scheduler-6f99ff999d-f28sb": {"setup time": 29.225492115, "avg time per iter": 12937.8125, "total time": 207005, "total iter": 15, "msg rcv total": 16360, "msg sent total": 12270}, "my-scheduler-6f99ff999d-g9l2w": {"setup time": 27.865576579, "avg time per iter": 12552, "total time": 200832, "total iter": 15, "msg rcv total": 10634, "msg sent total": 13088}, "my-scheduler-6f99ff999d-gr9cj": {"setup time": 19.981780977, "avg time per iter": 11371.1875, "total time": 181939, "total iter": 15, "msg rcv total": 12270, "msg sent total": 12270}, "my-scheduler-6f99ff999d-gw5bc": {"setup time": 25.007875068, "avg time per iter": 12160.125, "total time": 194562, "total iter": 15, "msg rcv total": 8180, "msg sent total": 8966}, "my-scheduler-6f99ff999d-hk759": {"setup time": 26.899584909, "avg time per iter": 13035.875, "total time": 208574, "total iter": 15, "msg rcv total": 10634, "msg sent total": 16328}, "my-scheduler-6f99ff999d-hl9jw": {"setup time": 21.581522858, "avg time per iter": 11833.375, "total time": 189334, "total iter": 15, "msg rcv total": 17178, "msg sent total": 13906}, "my-scheduler-6f99ff999d-hmnht": {"setup time": 31.640636993, "avg time per iter": 12485.6875, "total time": 199771, "total iter": 15, "msg rcv total": 13906, "msg sent total": 13088}, "my-scheduler-6f99ff999d-hqzsj": {"setup time": 26.497258719, "avg time per iter": 12839.5, "total time": 205432, "total iter": 15, "msg rcv total": 4908, "msg sent total": 10634}, "my-scheduler-6f99ff999d-hxq29": {"setup time": 31.901015296, "avg time per iter": 12449.4375, "total time": 199191, "total iter": 15, "msg rcv total": 9816, "msg sent total": 12270}, "my-scheduler-6f99ff999d-j5d44": {"setup time": 26.910234069, "avg time per iter": 13061.625,