{"0": {"my-controller": {"left elements": [47, 53, 52]}, "my-scheduler-7478985f44-244s7": {"got jobs": [18, 2], "initial w": 20.289999942014035, "final w": 0.2899999420140347}, "my-scheduler-7478985f44-2fsd4": {"got jobs": [20, 1, 2, 2, 3], "initial w": 28.29000003115531, "final w": 0.2900000311553086}, "my-scheduler-7478985f44-42kvv": {"got jobs": [13, 1, 7, 6, 3], "initial w": 30.289999923668354, "final w": 0.28999992366835414}, "my-scheduler-7478985f44-478cj": {"got jobs": [2, 1, 4], "initial w": 8.290000006648448, "final w": 1.290000006648448}, "my-scheduler-7478985f44-48l7q": {"got jobs": [11, 4, 1, 1], "initial w": 17.289999972283283, "final w": 0.2899999722832831}, "my-scheduler-7478985f44-4rfcm": {"got jobs": [17, 16, 3, 2], "initial w": 38.290000010072056, "final w": 0.2900000100720561}, "my-scheduler-7478985f44-55268": {"got jobs": [2, 1, 1], "initial w": 4.29000002097478, "final w": 0.29000002097478017}, "my-scheduler-7478985f44-59d74": {"got jobs": [3, 2, 1, 8, 15, 7], "initial w": 36.29000000286688, "final w": 0.29000000286688277}, "my-scheduler-7478985f44-5d9cm": {"got jobs": [28, 4, 3], "initial w": 35.29000008223362, "final w": 0.2900000822336182}, "my-scheduler-7478985f44-5dxbm": {"got jobs": [4, 2, 2, 1], "initial w": 10.289999955191483, "final w": 1.2899999551914831}, "my-scheduler-7478985f44-67wlm": {"got jobs": [18, 4, 3], "initial w": 28.28999997568969, "final w": 3.289999975689689}, "my-scheduler-7478985f44-6s76t": {"got jobs": [24], "initial w": 28.289999988744285, "final w": 4.289999988744285}, "my-scheduler-7478985f44-6wgv6": {"got jobs": [34, 2, 1], "initial w": 37.28999993200171, "final w": 0.28999993200171303}, "my-scheduler-7478985f44-75487": {"got jobs": [8, 9, 1], "initial w": 18.29000001094912, "final w": 0.29000001094912164}, "my-scheduler-7478985f44-79l4t": {"got jobs": [], "initial w": 1.2900000202971498, "final w": 1.2900000202971498}, "my-scheduler-7478985f44-7j2xk": {"got jobs": [19], "initial w": 19.290000062129607, "final w": 0.2900000621296073}, "my-scheduler-7478985f44-7mj8l": {"got jobs": [13, 1, 1, 2], "initial w": 17.29000001103178, "final w": 0.2900000110317791}, "my-scheduler-7478985f44-8rwlg": {"got jobs": [23, 3, 9], "initial w": 35.290000058008566, "final w": 0.290000058008566}, "my-scheduler-7478985f44-96nkm": {"got jobs": [26, 1, 1], "initial w": 28.289999885937753, "final w": 0.2899998859377533}, "my-scheduler-7478985f44-9b2fb": {"got jobs": [35, 1, 6], "initial w": 42.289999929534794, "final w": 0.2899999295347939}, "my-scheduler-7478985f44-9ztrs": {"got jobs": [28, 7], "initial w": 36.29000000942086, "final w": 1.290000009420858}, "my-scheduler-7478985f44-b4nps": {"got jobs": [8, 9, 5, 9], "initial w": 31.290000006478756, "final w": 0.29000000647875623}, "my-scheduler-7478985f44-b5vr7": {"got jobs": [40, 1, 4], "initial w": 45.290000044827465, "final w": 0.29000004482746533}, "my-scheduler-7478985f44-b6bcp": {"got jobs": [42, 3], "initial w": 45.28999995463001, "final w": 0.28999995463001227}, "my-scheduler-7478985f44-brgwg": {"got jobs": [31], "initial w": 31.289999913156826, "final w": 0.2899999131568265}, "my-scheduler-7478985f44-bs6zl": {"got jobs": [29], "initial w": 29.290000000806536, "final w": 0.2900000008065362}, "my-scheduler-7478985f44-bvq79": {"got jobs": [35, 6, 1, 2], "initial w": 44.290000046401154, "final w": 0.29000004640115407}, "my-scheduler-7478985f44-c2862": {"got jobs": [8, 1, 1], "initial w": 11.29000004157529, "final w": 1.29000004157529}, "my-scheduler-7478985f44-c88k5": {"got jobs": [43, 1], "initial w": 44.28999999308713, "final w": 0.28999999308712887}, "my-scheduler-7478985f44-cb2cg": {"got jobs": [19, 3, 1, 2, 17, 1], "initial w": 45.2899999368164, "final w": 2.2899999368164003}, "my-scheduler-7478985f44-cblgm": {"got jobs": [18, 4], "initial w": 23.289999935960694, "final w": 1.2899999359606937}, "my-scheduler-7478985f44-ccsr2": {"got jobs": [39], "initial w": 39.29000009761782, "final w": 0.29000009761782053}, "my-scheduler-7478985f44-cdg5n": {"got jobs": [3, 9, 2, 1, 1], "initial w": 17.290000045483374, "final w": 1.2900000454833744}, "my-scheduler-7478985f44-cjxbh": {"got jobs": [31, 7, 3], "initial w": 43.290000096785235, "final w": 2.290000096785235}, "my-scheduler-7478985f44-cw24v": {"got jobs": [36, 2, 2, 1], "initial w": 41.29000013055263, "final w": 0.2900001305526274}, "my-scheduler-7478985f44-d6kxz": {"got jobs": [9, 3, 2, 5, 1, 17], "initial w": 41.28999997487546, "final w": 4.289999974875457}, "my-scheduler-7478985f44-drn4p": {"got jobs": [2, 1, 1, 1, 1], "initial w": 7.289999993714936, "final w": 1.289999993714936}, "my-scheduler-7478985f44-fshnp": {"got jobs": [3, 6, 1, 1], "initial w": 11.289999963141199, "final w": 0.2899999631411987}, "my-scheduler-7478985f44-fvj7l": {"got jobs": [12, 6, 3, 5, 15], "initial w": 41.290000028067205, "final w": 0.2900000280672046}, "my-scheduler-7478985f44-fw9qw": {"got jobs": [24, 2, 1, 1, 1, 1], "initial w": 31.28999999063869, "final w": 1.289999990638691}, "my-scheduler-7478985f44-fzn28": {"got jobs": [], "initial w": -0.7099999485160069, "final w": -0.7099999485160069}, "my-scheduler-7478985f44-gg9z2": {"got jobs": [46], "initial w": 46.289999985274626, "final w": 0.2899999852746262}, "my-scheduler-7478985f44-gjtxt": {"got jobs": [15, 8, 3, 2, 1], "initial w": 32.28999999919554, "final w": 3.289999999195537}, "my-scheduler-7478985f44-gvd6p": {"got jobs": [44, 1, 1], "initial w": 46.289999872899244, "final w": 0.28999987289924434}, "my-scheduler-7478985f44-gwcxb": {"got jobs": [], "initial w": -8.710000034313055, "final w": -8.710000034313055}, "my-scheduler-7478985f44-h2rq2": {"got jobs": [19, 6, 1], "initial w": 26.28999999509422, "final w": 0.28999999509422025}, "my-scheduler-7478985f44-hb7cp": {"got jobs": [6], "initial w": 6.289999961298101, "final w": 0.2899999612981006}, "my-scheduler-7478985f44-hctlp": {"got jobs": [41], "initial w": 42.28999986186905, "final w": 1.289999861869049}, "my-scheduler-7478985f44-hfm9t": {"got jobs": [8, 6, 1], "initial w": 15.289999912012078, "final w": 0.2899999120120782}, "my-scheduler-7478985f44-hmzb7": {"got jobs": [35, 2, 2, 1], "initial w": 44.28999999494692, "final w": 4.289999994946918}, "my-scheduler-7478985f44-hnf6f": {"got jobs": [10, 5, 1, 1], "initial w": 17.289999957401008, "final w": 0.28999995740100815}, "my-scheduler-7478985f44-j65kc": {"got jobs": [21, 4, 7, 3, 1, 1], "initial w": 37.2899999671655, "final w": 0.2899999671654996}, "my-scheduler-7478985f44-jbm8d": {"got jobs": [19, 1, 6, 5, 1, 1], "initial w": 33.29000002190507, "final w": 0.29000002190507246}, "my-scheduler-7478985f44-jbr87": {"got jobs": [2, 5, 2, 2, 1, 1], "initial w": 15.290000141583015, "final w": 2.2900001415830147}, "my-scheduler-7478985f44-jlh7b": {"got jobs": [38, 3, 1, 1], "initial w": 43.29000000446454, "final w": 0.2900000044645381}, "my-scheduler-7478985f44-jqdcv": {"got jobs": [6, 3, 9, 2, 5], "initial w": 28.290000012672998, "final w": 3.290000012672998}, "my-scheduler-7478985f44-k5r8s": {"got jobs": [2, 2, 5, 1, 8, 7], "initial w": 45.290000017234576, "final w": 20.290000017234576}, "my-scheduler-7478985f44-k99td": {"got jobs": [27, 2, 1, 1, 3], "initial w": 34.29000002409433, "final w": 0.2900000240943328}, "my-scheduler-7478985f44-l4fb2": {"got jobs": [7, 8, 2, 10], "initial w": 27.289999939874512, "final w": 0.28999993987451234}, "my-scheduler-7478985f44-lcfnz": {"got jobs": [24, 3, 3, 1, 1, 4], "initial w": 36.29000007876583, "final w": 0.29000007876582856}, "my-scheduler-7478985f44-ld7kv": {"got jobs": [25, 1], "initial w": 26.290000033487466, "final w": 0.29000003348746617}, "my-scheduler-7478985f44-lm4rg": {"got jobs": [4, 17, 7, 1, 1, 9], "initial w": 39.28999990496053, "final w": 0.2899999049605313}, "my-scheduler-7478985f44-lmkt7": {"got jobs": [27, 2], "initial w": 35.29000003299363, "final w": 6.290000032993632}, "my-scheduler-7478985f44-mbrbk": {"got jobs": [34, 1, 6], "initial w": 45.28999997724248, "final w": 4.289999977242481},