{"0": {"my-scheduler-7478985f44-267sv": {"got jobs": [], "initial w": -3.219999985246762, "final w": -3.219999985246762}, "my-scheduler-7478985f44-2g4hp": {"got jobs": [18, 1, 1], "initial w": 20.78000001534869, "final w": 0.7800000153486906}, "my-scheduler-7478985f44-2m6vf": {"got jobs": [13, 1, 2], "initial w": 16.780000012759434, "final w": 0.7800000127594338}, "my-scheduler-7478985f44-476j4": {"got jobs": [], "initial w": -0.22000003294702353, "final w": -0.22000003294702353}, "my-scheduler-7478985f44-4k5pj": {"got jobs": [2, 6, 1, 1, 2], "initial w": 13.779999998029378, "final w": 1.7799999980293784}, "my-scheduler-7478985f44-4qnl6": {"got jobs": [16, 1, 2, 1], "initial w": 20.77999998253753, "final w": 0.7799999825375288}, "my-scheduler-7478985f44-555gx": {"got jobs": [7, 4, 2, 7, 1], "initial w": 21.780000019893546, "final w": 0.7800000198935457}, "my-scheduler-7478985f44-668l5": {"got jobs": [11], "initial w": 11.779999956978699, "final w": 0.7799999569786991}, "my-scheduler-7478985f44-6nlft": {"got jobs": [3, 2, 2], "initial w": 7.780000021607265, "final w": 0.7800000216072647}, "my-scheduler-7478985f44-6pmsz": {"got jobs": [], "initial w": -4.22000004249767, "final w": -4.22000004249767}, "my-scheduler-7478985f44-726h6": {"got jobs": [9, 1, 1], "initial w": 12.780000007437842, "final w": 1.7800000074378417}, "my-scheduler-7478985f44-72wsh": {"got jobs": [], "initial w": -2.220000018722672, "final w": -2.220000018722672}, "my-scheduler-7478985f44-742x5": {"got jobs": [6, 6, 4], "initial w": 16.780000028201886, "final w": 0.7800000282018864}, "my-scheduler-7478985f44-7w9nq": {"got jobs": [1, 8, 1, 2, 1, 6, 1], "initial w": 21.78000001606826, "final w": 1.7800000160682607}, "my-scheduler-7478985f44-824nb": {"got jobs": [11], "initial w": 12.779999971383205, "final w": 1.779999971383205}, "my-scheduler-7478985f44-8h54l": {"got jobs": [2, 1, 3, 1], "initial w": 9.780000020173585, "final w": 2.780000020173585}, "my-scheduler-7478985f44-8mwgk": {"got jobs": [15, 1, 1], "initial w": 17.78000000926249, "final w": 0.7800000092624906}, "my-scheduler-7478985f44-98wbg": {"got jobs": [8, 3, 3, 2], "initial w": 16.780000043783605, "final w": 0.7800000437836054}, "my-scheduler-7478985f44-b8qf6": {"got jobs": [1], "initial w": 2.779999967418785, "final w": 1.7799999674187852}, "my-scheduler-7478985f44-bm2bn": {"got jobs": [11, 3, 1, 1, 1, 1], "initial w": 18.780000040519198, "final w": 0.780000040519198}, "my-scheduler-7478985f44-bw9v9": {"got jobs": [4, 2, 5, 6], "initial w": 18.78000002456773, "final w": 1.7800000245677303}, "my-scheduler-7478985f44-cbn4b": {"got jobs": [1, 1, 1, 1], "initial w": 4.780000047343265, "final w": 0.7800000473432647}, "my-scheduler-7478985f44-cd4jb": {"got jobs": [4, 1], "initial w": 5.780000033525052, "final w": 0.7800000335250523}, "my-scheduler-7478985f44-cr26c": {"got jobs": [2, 8, 6, 3, 2], "initial w": 21.78000001992839, "final w": 0.7800000199283907}, "my-scheduler-7478985f44-cs2pd": {"got jobs": [3, 1, 1], "initial w": 5.780000020451553, "final w": 0.7800000204515527}, "my-scheduler-7478985f44-d8vmf": {"got jobs": [19, 1, 1], "initial w": 21.77999998393366, "final w": 0.77999998393366}, "my-scheduler-7478985f44-dfw46": {"got jobs": [3, 1, 2, 1, 5, 3], "initial w": 15.780000053663425, "final w": 0.7800000536634251}, "my-scheduler-7478985f44-dzpxg": {"got jobs": [3, 2], "initial w": 5.780000000502163, "final w": 0.780000000502163}, "my-scheduler-7478985f44-fhr8g": {"got jobs": [10, 5, 1, 2], "initial w": 21.78000000471363, "final w": 3.7800000047136315}, "my-scheduler-7478985f44-fnlqp": {"got jobs": [2], "initial w": 4.779999958195781, "final w": 2.7799999581957806}, "my-scheduler-7478985f44-frmqv": {"got jobs": [], "initial w": -1.2200000062502419, "final w": -1.2200000062502419}, "my-scheduler-7478985f44-frv2k": {"got jobs": [9, 2], "initial w": 11.780000003176742, "final w": 0.7800000031767418}, "my-scheduler-7478985f44-g9s8z": {"got jobs": [], "initial w": -1.2200000016410328, "final w": -1.2200000016410328}, "my-scheduler-7478985f44-gglhl": {"got jobs": [14], "initial w": 14.780000010213183, "final w": 0.7800000102131825}, "my-scheduler-7478985f44-gm2c6": {"got jobs": [14, 2, 1, 4], "initial w": 21.77999998136558, "final w": 0.7799999813655809}, "my-scheduler-7478985f44-gq8g7": {"got jobs": [1, 2, 1, 2, 1, 5], "initial w": 12.77999998830861, "final w": 0.7799999883086102}, "my-scheduler-7478985f44-grjbv": {"got jobs": [1, 3, 1, 1, 1], "initial w": 7.780000000364026, "final w": 0.7800000003640264}, "my-scheduler-7478985f44-gx8xq": {"got jobs": [1, 4, 7, 7, 1], "initial w": 20.77999998998547, "final w": 0.7799999899854697}, "my-scheduler-7478985f44-h5nb2": {"got jobs": [12, 1], "initial w": 13.780000024538229, "final w": 0.7800000245382286}, "my-scheduler-7478985f44-hl64s": {"got jobs": [6, 1, 1], "initial w": 14.779999971973233, "final w": 6.779999971973233}, "my-scheduler-7478985f44-hrqhx": {"got jobs": [5, 1, 6, 2, 1], "initial w": 17.779999989231055, "final w": 2.7799999892310545}, "my-scheduler-7478985f44-j7sxc": {"got jobs": [], "initial w": -6.219999998538231, "final w": -6.219999998538231}, "my-scheduler-7478985f44-jjk6z": {"got jobs": [18], "initial w": 19.779999942100265, "final w": 1.7799999421002646}, "my-scheduler-7478985f44-jm2fg": {"got jobs": [12, 7, 1], "initial w": 20.779999982074067, "final w": 0.7799999820740666}, "my-scheduler-7478985f44-jmfhl": {"got jobs": [4, 5], "initial w": 9.780000006181876, "final w": 0.7800000061818757}, "my-scheduler-7478985f44-jsr25": {"got jobs": [14, 3, 4, 1], "initial w": 22.77999994968884, "final w": 0.7799999496888397}, "my-scheduler-7478985f44-kchfz": {"got jobs": [16, 2, 2], "initial w": 20.780000011459745, "final w": 0.7800000114597445}, "my-scheduler-7478985f44-kh858": {"got jobs": [], "initial w": 1.7800000222538017, "final w": 1.7800000222538017}, "my-scheduler-7478985f44-krh6k": {"got jobs": [8, 4], "initial w": 12.780000009506846, "final w": 0.7800000095068462}, "my-scheduler-7478985f44-l2vbm": {"got jobs": [9, 1], "initial w": 10.779999994558434, "final w": 0.7799999945584339}, "my-scheduler-7478985f44-lb789": {"got jobs": [7, 3, 6], "initial w": 16.779999984329237, "final w": 0.7799999843292369}, "my-scheduler-7478985f44-lf58v": {"got jobs": [22], "initial w": 22.780000041856823, "final w": 0.7800000418568231}, "my-scheduler-7478985f44-lfqtz": {"got jobs": [18], "initial w": 18.780000011611683, "final w": 0.7800000116116834}, "my-scheduler-7478985f44-m4lhr": {"got jobs": [2, 1, 5, 6, 3], "initial w": 17.77999999921689, "final w": 0.7799999992168907}, "my-scheduler-7478985f44-m8mvd": {"got jobs": [1, 1], "initial w": 2.7800000057241228, "final w": 0.7800000057241228}, "my-scheduler-7478985f44-mdv77": {"got jobs": [3, 3, 1], "initial w": 7.78000005029952, "final w": 0.7800000502995204}, "my-scheduler-7478985f44-mhpf2": {"got jobs": [20, 1], "initial w": 22.77999992261342, "final w": 1.7799999226134204}, "my-scheduler-7478985f44-mv45x": {"got jobs": [21], "initial w": 21.78000003005556, "final w": 0.780000030055561}, "my-scheduler-7478985f44-n4jqp": {"got jobs": [13, 6, 1], "initial w": 20.780000005079394, "final w": 0.780000005079394}, "my-scheduler-7478985f44-n64j4": {"got jobs": [9, 1], "initial w": 11.779999963580934, "final w": 1.7799999635809343}, "my-scheduler-7478985f44-nd2jc": {"got jobs": [7, 4, 1, 1], "initial w": 13.77999999396732, "final w": 0.7799999939673192}, "my-scheduler-7478985f44-nt96x": {"got jobs": [18], "initial w": 18.780000032865136, "final w": 0.7800000328651358}, "my-scheduler-7478985f44-nv7mn": {"got jobs": [3, 6, 1, 3, 1], "initial w": 14.779999992960612, "final w": 0.7799999929606116}, "my-scheduler-7478985f44-nw5fz": {"got jobs": [18], "initial w": 22.77999998694393, "final w": 4.779999986943931}, "my-scheduler-7478985f44-nx229": {"got jobs": [9, 4, 1, 1], "initial w": 16.780000007672584, "final w": 1.7800000076725837}, "my-scheduler-7478985f44-p8db9": {"got jobs": [4, 1, 2, 4, 1], "initial w": 12.780000007593546,