{"0": {"my-scheduler-7478985f44-2kfwd": {"got jobs": [7], "initial w": 10.590000019564336, "final w": 3.590000019564336}, "my-scheduler-7478985f44-2sshh": {"got jobs": [10], "initial w": 11.590000014269634, "final w": 1.5900000142696342}, "my-scheduler-7478985f44-45zjn": {"got jobs": [15], "initial w": 18.589999982806106, "final w": 3.5899999828061055}, "my-scheduler-7478985f44-4hg7p": {"got jobs": [], "initial w": 4.5900000039184405, "final w": 4.5900000039184405}, "my-scheduler-7478985f44-4wgmq": {"got jobs": [15], "initial w": 16.589999993602557, "final w": 1.5899999936025573}, "my-scheduler-7478985f44-56gnf": {"got jobs": [15], "initial w": 17.589999983955973, "final w": 2.5899999839559733}, "my-scheduler-7478985f44-5c9t9": {"got jobs": [], "initial w": 15.589999995180616, "final w": 15.589999995180616}, "my-scheduler-7478985f44-5fsk4": {"got jobs": [], "initial w": 17.590000031040557, "final w": 17.590000031040557}, "my-scheduler-7478985f44-5ljvv": {"got jobs": [1], "initial w": 9.590000058821307, "final w": 8.590000058821307}, "my-scheduler-7478985f44-5xgh2": {"got jobs": [9], "initial w": 17.58999999888388, "final w": 8.58999999888388}, "my-scheduler-7478985f44-5xgww": {"got jobs": [], "initial w": -4.4099999742107805, "final w": -4.4099999742107805}, "my-scheduler-7478985f44-65dwc": {"got jobs": [1], "initial w": 18.5900000029416, "final w": 17.5900000029416}, "my-scheduler-7478985f44-6gtzj": {"got jobs": [], "initial w": 8.590000012906739, "final w": 8.590000012906739}, "my-scheduler-7478985f44-6rt52": {"got jobs": [7], "initial w": 22.59000000652263, "final w": 15.59000000652263}, "my-scheduler-7478985f44-796jn": {"got jobs": [2], "initial w": 2.589999986872673, "final w": 0.5899999868726731}, "my-scheduler-7478985f44-84slm": {"got jobs": [], "initial w": -0.4100000116542084, "final w": -0.4100000116542084}, "my-scheduler-7478985f44-86xx5": {"got jobs": [19], "initial w": 22.589999971498194, "final w": 3.5899999714981945}, "my-scheduler-7478985f44-87wpx": {"got jobs": [20], "initial w": 20.59000000406691, "final w": 0.5900000040669084}, "my-scheduler-7478985f44-8f75k": {"got jobs": [1], "initial w": 20.5900000063538, "final w": 19.5900000063538}, "my-scheduler-7478985f44-8jnxt": {"got jobs": [], "initial w": 15.589999977340277, "final w": 15.589999977340277}, "my-scheduler-7478985f44-8w9k8": {"got jobs": [15], "initial w": 22.58999996972742, "final w": 7.589999969727419}, "my-scheduler-7478985f44-92672": {"got jobs": [9], "initial w": 19.590000008451803, "final w": 10.590000008451803}, "my-scheduler-7478985f44-944rj": {"got jobs": [], "initial w": 19.590000036217347, "final w": 19.590000036217347}, "my-scheduler-7478985f44-96jcr": {"got jobs": [14], "initial w": 22.589999955645613, "final w": 8.589999955645613}, "my-scheduler-7478985f44-99ztn": {"got jobs": [2], "initial w": 10.589999982290564, "final w": 8.589999982290564}, "my-scheduler-7478985f44-9p4q5": {"got jobs": [], "initial w": 1.5900000018568932, "final w": 1.5900000018568932}, "my-scheduler-7478985f44-9vz7p": {"got jobs": [], "initial w": 22.58999998244771, "final w": 22.58999998244771}, "my-scheduler-7478985f44-bcbpd": {"got jobs": [18], "initial w": 20.58999999451096, "final w": 2.5899999945109613}, "my-scheduler-7478985f44-bchw8": {"got jobs": [], "initial w": 16.58999998837206, "final w": 16.58999998837206}, "my-scheduler-7478985f44-bczdn": {"got jobs": [], "initial w": -3.409999969560765, "final w": -3.409999969560765}, "my-scheduler-7478985f44-bpr6k": {"got jobs": [], "initial w": 12.590000008416073, "final w": 12.590000008416073}, "my-scheduler-7478985f44-bqqsd": {"got jobs": [], "initial w": 11.59000004648729, "final w": 11.59000004648729}, "my-scheduler-7478985f44-bzkkp": {"got jobs": [17], "initial w": 22.59000000447251, "final w": 5.590000004472511}, "my-scheduler-7478985f44-c4ftw": {"got jobs": [10], "initial w": 20.590000020120414, "final w": 10.590000020120414}, "my-scheduler-7478985f44-c6gq6": {"got jobs": [], "initial w": 5.590000009173888, "final w": 5.590000009173888}, "my-scheduler-7478985f44-c9pfp": {"got jobs": [6], "initial w": 7.589999998215077, "final w": 1.5899999982150774}, "my-scheduler-7478985f44-ckk8v": {"got jobs": [2], "initial w": 13.59000003357923, "final w": 11.59000003357923}, "my-scheduler-7478985f44-cmvt8": {"got jobs": [], "initial w": 22.58999999406459, "final w": 22.58999999406459}, "my-scheduler-7478985f44-cvlvt": {"got jobs": [], "initial w": 18.58999998592617, "final w": 18.58999998592617}, "my-scheduler-7478985f44-dd6qf": {"got jobs": [], "initial w": 22.58999997565711, "final w": 22.58999997565711}, "my-scheduler-7478985f44-dkm74": {"got jobs": [13], "initial w": 19.590000022922883, "final w": 6.590000022922883}, "my-scheduler-7478985f44-ftstn": {"got jobs": [6], "initial w": 10.589999967591393, "final w": 4.5899999675913925}, "my-scheduler-7478985f44-g558d": {"got jobs": [20], "initial w": 20.58999999252984, "final w": 0.5899999925298403}, "my-scheduler-7478985f44-gczsl": {"got jobs": [5], "initial w": 17.590000000842984, "final w": 12.590000000842984}, "my-scheduler-7478985f44-gx5mj": {"got jobs": [16], "initial w": 17.589999993104474, "final w": 1.589999993104474}, "my-scheduler-7478985f44-gz7gb": {"got jobs": [14], "initial w": 21.590000016385478, "final w": 7.590000016385478}, "my-scheduler-7478985f44-hbs8l": {"got jobs": [12], "initial w": 13.590000003654417, "final w": 1.590000003654417}, "my-scheduler-7478985f44-hnkpq": {"got jobs": [6], "initial w": 14.589999980366024, "final w": 8.589999980366024}, "my-scheduler-7478985f44-jgw89": {"got jobs": [10], "initial w": 21.589999968876, "final w": 11.589999968876}, "my-scheduler-7478985f44-jmswl": {"got jobs": [1], "initial w": 7.590000004650761, "final w": 6.590000004650761}, "my-scheduler-7478985f44-k2nw5": {"got jobs": [5], "initial w": 15.589999980994229, "final w": 10.589999980994229}, "my-scheduler-7478985f44-k5dwm": {"got jobs": [6], "initial w": 17.590000006683162, "final w": 11.590000006683162}, "my-scheduler-7478985f44-k5l2p": {"got jobs": [], "initial w": 17.58999998933933, "final w": 17.58999998933933}, "my-scheduler-7478985f44-k7mdv": {"got jobs": [10], "initial w": 20.590000022962066, "final w": 10.590000022962066}, "my-scheduler-7478985f44-k86vh": {"got jobs": [], "initial w": -5.409999971772837, "final w": -5.409999971772837}, "my-scheduler-7478985f44-kbjlz": {"got jobs": [20], "initial w": 22.589999976885245, "final w": 2.5899999768852453}, "my-scheduler-7478985f44-kbvk4": {"got jobs": [5], "initial w": 21.59000000052739, "final w": 16.59000000052739}, "my-scheduler-7478985f44-kdnfl": {"got jobs": [3], "initial w": 7.590000019606524, "final w": 4.590000019606524}, "my-scheduler-7478985f44-kdr88": {"got jobs": [], "initial w": 22.589999998259284, "final w": 22.589999998259284}, "my-scheduler-7478985f44-kk7qx": {"got jobs": [14], "initial w": 21.589999982045843, "final w": 7.589999982045843}, "my-scheduler-7478985f44-kmwqc": {"got jobs": [1], "initial w": 12.590000015139005, "final w": 11.590000015139005}, "my-scheduler-7478985f44-kxqdj": {"got jobs": [], "initial w": 20.59000004009368, "final w": 20.59000004009368}, "my-scheduler-7478985f44-ldsjj": {"got jobs": [5], "initial w": 16.58999998051128, "final w": 11.58999998051128}, "my-scheduler-7478985f44-lf694": {"got jobs": [13], "initial w": 19.590000022952566, "final w": 6.590000022952566}, "my-scheduler-7478985f44-lnqb4": {"got jobs": [9], "initial w": 22.59000004014005, "final w": 13.590000040140051}, "my-scheduler-7478985f44-lnwt8": {"got jobs": [5], "initial w": 11.589999991667664, "final w": 6.589999991667664}, "my-scheduler-7478985f44-lw5v7": {"got jobs": [], "initial w": 22.590000020100184, "final w": 22.590000020100184}, "my-scheduler-7478985f44-m4q85": {"got jobs": [9], "initial w": 13.589999982065304, "final w": 4.589999982065304}, "my-scheduler-7478985f44-mbqcw": {"got jobs": [8], "initial w": 22.589999964194007, "final w": 14.589999964194007}, "my-scheduler-7478985f44-mcxnh": {"got jobs": [],