{"0": {"my-controller": {"left elements": [16, 7]}, "my-scheduler-5c6d6994cb-6xlzs": {"got jobs": [39], "initial w": 41.0000002444355, "final w": 2.0000002444354976}, "my-scheduler-5c6d6994cb-6xnh7": {"got jobs": [19, 4, 2, 5, 3], "initial w": 39.99999842326833, "final w": 6.99999842326833}, "my-scheduler-5c6d6994cb-fpcc8": {"got jobs": [5, 16, 4, 1, 4], "initial w": 30.999999363280033, "final w": 0.9999993632800326}, "my-scheduler-5c6d6994cb-hzvst": {"got jobs": [14], "initial w": 16.000000077183465, "final w": 2.000000077183465}, "my-scheduler-5c6d6994cb-jx77g": {"got jobs": [22, 3, 11, 1], "initial w": 39.99999985142327, "final w": 2.9999998514232686}, "my-scheduler-5c6d6994cb-l6qcr": {"got jobs": [], "initial w": 12.999999898707607, "final w": 12.999999898707607}, "my-scheduler-5c6d6994cb-mdk8d": {"got jobs": [12, 1, 15, 10, 1], "initial w": 42.000000131786784, "final w": 3.000000131786784}, "my-scheduler-5c6d6994cb-r2pxd": {"got jobs": [], "initial w": -8.9999999048635, "final w": -8.9999999048635}, "my-scheduler-5c6d6994cb-tdx8h": {"got jobs": [4, 1, 8, 3, 1, 14, 3], "initial w": 35.00000023707467, "final w": 1.0000002370746728}}}