{"0": {"my-scheduler-c68dc6564-4bfmh": {"setup time": 4.020482276, "comp time per iter": 12, "xchg time per iter": 1972, "avg time per iter": 2278.52, "total time": 113926, "total iter": 49, "msg rcv total": 2552, "msg sent total": 2552, "got jobs": [], "initial w": 16.888889044831146, "final w": 17.888889044831146}, "my-scheduler-c68dc6564-5bgbg": {"setup time": 3.6760944110000002, "comp time per iter": 14, "xchg time per iter": 1693, "avg time per iter": 2279.78, "total time": 113989, "total iter": 49, "msg rcv total": 2552, "msg sent total": 2552, "got jobs": [], "initial w": 16.888889831750056, "final w": 17.888889831750056}, "my-scheduler-c68dc6564-76xf8": {"setup time": 4.631408976, "comp time per iter": 31, "xchg time per iter": 1940, "avg time per iter": 2275.06, "total time": 113753, "total iter": 49, "msg rcv total": 5104, "msg sent total": 2552, "got jobs": [], "initial w": 16.888888651467713, "final w": 17.888888651467713}, "my-scheduler-c68dc6564-bx9zz": {"setup time": 3.442778893, "comp time per iter": 12, "xchg time per iter": 1901, "avg time per iter": 2303.24, "total time": 115162, "total iter": 49, "msg rcv total": 2552, "msg sent total": 5104, "got jobs": [14], "initial w": 16.88888907851452, "final w": 3.88888907851452}, "my-scheduler-c68dc6564-ldcrw": {"setup time": 5.15498979, "comp time per iter": 11, "xchg time per iter": 1901, "avg time per iter": 2298.46, "total time": 114923, "total iter": 49, "msg rcv total": 2452, "msg sent total": 5104, "got jobs": [], "initial w": 16.88888893238809, "final w": 17.88888893238809}, "my-scheduler-c68dc6564-nnl85": {"setup time": 2.883961279, "comp time per iter": 23, "xchg time per iter": 2221, "avg time per iter": 2298.08, "total time": 114904, "total iter": 49, "msg rcv total": 5104, "msg sent total": 2552, "got jobs": [15], "initial w": 16.888888661948467, "final w": 2.8888886619484673}, "my-scheduler-c68dc6564-tj6qf": {"setup time": 4.07329229, "comp time per iter": 11, "xchg time per iter": 1867, "avg time per iter": 2282.08, "total time": 114104, "total iter": 49, "msg rcv total": 2552, "msg sent total": 2552, "got jobs": [12], "initial w": 16.888888757669108, "final w": 5.888888757669108}, "my-scheduler-c68dc6564-tvg9r": {"setup time": 4.09266807, "comp time per iter": 10, "xchg time per iter": 1816, "avg time per iter": 2295.48, "total time": 114774, "total iter": 49, "msg rcv total": 5104, "msg sent total": 5004, "got jobs": [15], "initial w": 16.888888834071768, "final w": 2.8888888340717678}, "my-scheduler-c68dc6564-wjhdq": {"setup time": 4.12689437, "comp time per iter": 10, "xchg time per iter": 1805, "avg time per iter": 2282.44, "total time": 114122, "total iter": 49, "msg rcv total": 2552, "msg sent total": 2552, "got jobs": [16], "initial w": 16.888888722911354, "final w": 1.8888887229113536}, "my-controller": {"generated jobs": [15, 22, 12, 22, 18, 16, 15, 14, 18], "left elements": [18, 22, 22, 18], "scheduled elements": [15, 12, 16, 15, 14], "time taken": 6375}}}