{"0": {"my-controller": {"left elements": [53, 52, 47, 17, 15, 16], "time taken": 696}, "my-scheduler-7478985f44-22nf5": {"got jobs": [40, 2, 2, 1], "initial w": 45.28999997724249, "final w": 0.2899999772424877}, "my-scheduler-7478985f44-22tft": {"got jobs": [8, 11, 3, 1, 1], "initial w": 27.28999993987452, "final w": 3.2899999398745194}, "my-scheduler-7478985f44-28rcp": {"got jobs": [36, 2, 1], "initial w": 39.28999990496053, "final w": 0.2899999049605313}, "my-scheduler-7478985f44-2jdfh": {"got jobs": [3, 12, 2, 5, 3], "initial w": 31.290000006478763, "final w": 6.290000006478763}, "my-scheduler-7478985f44-4lljb": {"got jobs": [28, 1, 3, 3, 2], "initial w": 37.28999994482108, "final w": 0.2899999448210835}, "my-scheduler-7478985f44-4lvv6": {"got jobs": [1, 1, 1, 2, 1, 1], "initial w": 7.289999993714929, "final w": 0.2899999937149289}, "my-scheduler-7478985f44-4wr48": {"got jobs": [31, 4, 8], "initial w": 43.289999938614585, "final w": 0.28999993861458506}, "my-scheduler-7478985f44-579b2": {"got jobs": [9, 1], "initial w": 11.290000041575283, "final w": 1.2900000415752828}, "my-scheduler-7478985f44-5cnxg": {"got jobs": [26, 4, 11, 3], "initial w": 45.290000017234576, "final w": 1.2900000172345756}, "my-scheduler-7478985f44-5gflv": {"got jobs": [22, 6, 1, 9], "initial w": 38.29000002880211, "final w": 0.29000002880211184}, "my-scheduler-7478985f44-5lzlx": {"got jobs": [6, 2, 1, 8, 8], "initial w": 33.29000002190507, "final w": 8.290000021905072}, "my-scheduler-7478985f44-5npbf": {"got jobs": [10, 1], "initial w": 13.289999992029685, "final w": 2.289999992029685}, "my-scheduler-7478985f44-62h2k": {"got jobs": [4, 1, 4, 3, 1], "initial w": 20.290000055729593, "final w": 7.2900000557295925}, "my-scheduler-7478985f44-674jh": {"got jobs": [18], "initial w": 19.290000049752123, "final w": 1.2900000497521233}, "my-scheduler-7478985f44-6sl44": {"got jobs": [3, 3, 11, 2, 15], "initial w": 44.29000004640115, "final w": 10.290000046401147}, "my-scheduler-7478985f44-78pnd": {"got jobs": [19, 7, 1, 4, 6], "initial w": 37.2899999671655, "final w": 0.2899999671654996}, "my-scheduler-7478985f44-7fdd5": {"got jobs": [], "initial w": -4.710000035232028, "final w": -4.710000035232028}, "my-scheduler-7478985f44-7gvm6": {"got jobs": [2], "initial w": 3.289999983737715, "final w": 1.2899999837377152}, "my-scheduler-7478985f44-7tgnr": {"got jobs": [4], "initial w": 4.29000002097478, "final w": 0.29000002097478017}, "my-scheduler-7478985f44-7wx2k": {"got jobs": [35], "initial w": 35.29000008223361, "final w": 0.29000008223361107}, "my-scheduler-7478985f44-85mvr": {"got jobs": [19, 1], "initial w": 22.289999994297354, "final w": 2.2899999942973537}, "my-scheduler-7478985f44-8b46b": {"got jobs": [34, 2, 6, 2], "initial w": 44.289999967479304, "final w": 0.2899999674793037}, "my-scheduler-7478985f44-8m7p8": {"got jobs": [24, 8, 9, 1, 1, 1], "initial w": 44.290000068463364, "final w": 0.2900000684633639}, "my-scheduler-7478985f44-8vr7x": {"got jobs": [31, 2, 1, 1, 1], "initial w": 36.290000009420844, "final w": 0.2900000094208437}, "my-scheduler-7478985f44-96ktz": {"got jobs": [2, 5, 10], "initial w": 20.28999994201405, "final w": 3.289999942014049}, "my-scheduler-7478985f44-9hk9j": {"got jobs": [], "initial w": 0.29000000702630047, "final w": 0.29000000702630047}, "my-scheduler-7478985f44-9l846": {"got jobs": [6, 1, 3, 1], "initial w": 11.289999963141199, "final w": 0.2899999631411987}, "my-scheduler-7478985f44-9sr8w": {"got jobs": [1], "initial w": 3.289999940447224, "final w": 2.289999940447224}, "my-scheduler-7478985f44-9zvzs": {"got jobs": [27, 1], "initial w": 28.28999988593776, "final w": 0.2899998859377604}, "my-scheduler-7478985f44-b8rr2": {"got jobs": [6, 4, 3, 3, 2, 17], "initial w": 41.290000028067205, "final w": 6.290000028067205}, "my-scheduler-7478985f44-c4b8t": {"got jobs": [18, 6, 2, 2, 1, 13], "initial w": 43.29000000446454, "final w": 1.290000004464538}, "my-scheduler-7478985f44-cn77f": {"got jobs": [27, 4, 5, 5, 1, 1], "initial w": 46.28999998527463, "final w": 3.2899999852746333}, "my-scheduler-7478985f44-cp999": {"got jobs": [19, 6, 4], "initial w": 29.290000000806543, "final w": 0.2900000008065433}, "my-scheduler-7478985f44-ctstl": {"got jobs": [43, 2], "initial w": 45.28999991278206, "final w": 0.28999991278205783}, "my-scheduler-7478985f44-cz2qg": {"got jobs": [2, 3, 4, 7, 6], "initial w": 28.289999975689682, "final w": 6.289999975689682}, "my-scheduler-7478985f44-d5x6j": {"got jobs": [21, 5, 2, 2], "initial w": 31.289999913156805, "final w": 1.2899999131568052}, "my-scheduler-7478985f44-d99mr": {"got jobs": [2, 1, 1, 1, 7], "initial w": 17.290000045483367, "final w": 5.290000045483367}, "my-scheduler-7478985f44-dcs49": {"got jobs": [], "initial w": -0.7099999485160069, "final w": -0.7099999485160069}, "my-scheduler-7478985f44-dd8pf": {"got jobs": [9, 1, 2, 3, 1], "initial w": 17.29000001103178, "final w": 1.290000011031779}, "my-scheduler-7478985f44-dh4hl": {"got jobs": [13, 9, 1, 8, 7], "initial w": 45.289999936816386, "final w": 7.289999936816386}, "my-scheduler-7478985f44-dp2zx": {"got jobs": [24, 9, 2], "initial w": 36.290000002866904, "final w": 1.290000002866904}, "my-scheduler-7478985f44-fcmqq": {"got jobs": [3, 15, 13, 1, 1], "initial w": 36.29000007876583, "final w": 3.2900000787658286}, "my-scheduler-7478985f44-g5cxg": {"got jobs": [], "initial w": -3.70999998520206, "final w": -3.70999998520206}, "my-scheduler-7478985f44-gp4b6": {"got jobs": [41, 1, 1], "initial w": 43.29000005209414, "final w": 0.29000005209414326}, "my-scheduler-7478985f44-gppvg": {"got jobs": [18, 4, 13, 2], "initial w": 37.289999932001706, "final w": 0.28999993200170593}, "my-scheduler-7478985f44-gsnsx": {"got jobs": [6, 1], "initial w": 8.290000006648448, "final w": 1.290000006648448}, "my-scheduler-7478985f44-h42fr": {"got jobs": [29, 3, 2, 12], "initial w": 46.289999872899244, "final w": 0.28999987289924434}, "my-scheduler-7478985f44-hcm2d": {"got jobs": [], "initial w": -8.710000034313047, "final w": -8.710000034313047}, "my-scheduler-7478985f44-hm24x": {"got jobs": [36, 3], "initial w": 39.290000011258854, "final w": 0.29000001125885433}, "my-scheduler-7478985f44-hshcc": {"got jobs": [23, 1, 5, 1], "initial w": 30.28999992366836, "final w": 0.28999992366836125}, "my-scheduler-7478985f44-htjzt": {"got jobs": [10, 1, 3, 4, 5], "initial w": 34.29000002409434, "final w": 11.29000002409434}, "my-scheduler-7478985f44-hwfzw": {"got jobs": [18, 4, 4, 10, 2, 3], "initial w": 43.29000009678524, "final w": 2.290000096785242}, "my-scheduler-7478985f44-jdglh": {"got jobs": [28, 2, 2], "initial w": 32.28999999919554, "final w": 0.2899999991955369}, "my-scheduler-7478985f44-jfr5s": {"got jobs": [25, 1, 2, 1, 1, 2], "initial w": 35.29000003299361, "final w": 3.2900000329936105}, "my-scheduler-7478985f44-jx7h5": {"got jobs": [1, 3, 6, 1, 2], "initial w": 15.290000013802604, "final w": 2.2900000138026044}, "my-scheduler-7478985f44-jzq6l": {"got jobs": [44], "initial w": 45.289999954630005, "final w": 1.2899999546300052}, "my-scheduler-7478985f44-k7s5q": {"got jobs": [8, 3, 2, 1, 1], "initial w": 15.290000141583015, "final w": 0.2900001415830147}, "my-scheduler-7478985f44-kdrg8": {"got jobs": [24, 1], "initial w": 26.289999995094227, "final w": 1.2899999950942274}, "my-scheduler-7478985f44-kvvrs": {"got jobs": [2, 1, 3, 8, 1], "initial w": 15.289999912012078, "final w": 0.2899999120120782}, "my-scheduler-7478985f44-l9n89": {"got jobs": [42], "initial w": 44.2899999930871, "final w": 2.2899999930871004}, "my-scheduler-7478985f44-lcq9l": {"got jobs": [], "initial w": 1.2900000202971356, "final w": 1.2900000202971356}, "my-scheduler-7478985f44-lfg9p": {"got jobs": [38, 3, 1], "initial w": 42.28999994991012, "final w": 0.28999994991011846}, "my-scheduler-7478985f44-lp6cg": {"got jobs": [46], "initial w": 46.29000001739974, "final w": 0.29000001739974124}, "my-scheduler-7478985f44-lqbhx": {"got jobs": [9, 2, 17, 1], "initial w": 29.289999950419855, "final w": 0.2899999504198547},