{"0": {"my-scheduler-6f99ff999d-22zrk": {"setup time": 30.332612416, "avg time per iter": 13250.25, "total time": 212004, "total iter": 15, "msg rcv total": 9816, "msg sent total": 12270}, "my-scheduler-6f99ff999d-265v8": {"setup time": 21.729554215, "avg time per iter": 13498, "total time": 215968, "total iter": 15, "msg rcv total": 9816, "msg sent total": 17996}, "my-scheduler-6f99ff999d-2889k": {"setup time": 26.080010168, "avg time per iter": 13758, "total time": 220128, "total iter": 15, "msg rcv total": 11452, "msg sent total": 10634}, "my-scheduler-6f99ff999d-2gzt7": {"setup time": 26.974114279, "avg time per iter": 12951.75, "total time": 207228, "total iter": 15, "msg rcv total": 14724, "msg sent total": 18814}, "my-scheduler-6f99ff999d-2nflw": {"setup time": 19.32053221, "avg time per iter": 13043.6875, "total time": 208699, "total iter": 15, "msg rcv total": 9816, "msg sent total": 12270}, "my-scheduler-6f99ff999d-2srlp": {"setup time": 26.925380876, "avg time per iter": 12735.6875, "total time": 203771, "total iter": 15, "msg rcv total": 9816, "msg sent total": 8998}, "my-scheduler-6f99ff999d-48d42": {"setup time": 27.343206123, "avg time per iter": 13029.0625, "total time": 208465, "total iter": 15, "msg rcv total": 9816, "msg sent total": 15542}, "my-scheduler-6f99ff999d-5mjxx": {"setup time": 27.4672088, "avg time per iter": 12903.5, "total time": 206456, "total iter": 15, "msg rcv total": 13906, "msg sent total": 13088}, "my-scheduler-6f99ff999d-5nfpb": {"setup time": 30.82745496, "avg time per iter": 12810.8125, "total time": 204973, "total iter": 15, "msg rcv total": 13906, "msg sent total": 13906}, "my-scheduler-6f99ff999d-624t6": {"setup time": 23.303057714, "avg time per iter": 12924.6875, "total time": 206795, "total iter": 15, "msg rcv total": 14724, "msg sent total": 13056}, "my-scheduler-6f99ff999d-657jc": {"setup time": 22.061841117, "avg time per iter": 13300.4375, "total time": 212807, "total iter": 15, "msg rcv total": 13906, "msg sent total": 10634}, "my-scheduler-6f99ff999d-67pbb": {"setup time": 25.655597745, "avg time per iter": 13024.125, "total time": 208386, "total iter": 15, "msg rcv total": 13906, "msg sent total": 14724}, "my-scheduler-6f99ff999d-6gx5j": {"setup time": 18.193853366, "avg time per iter": 13281.6875, "total time": 212507, "total iter": 15, "msg rcv total": 11452, "msg sent total": 17146}, "my-scheduler-6f99ff999d-6gxv4": {"setup time": 29.598408566, "avg time per iter": 13091.3125, "total time": 209461, "total iter": 15, "msg rcv total": 13088, "msg sent total": 9816}, "my-scheduler-6f99ff999d-6mv24": {"setup time": 22.893017835, "avg time per iter": 13340.1875, "total time": 213443, "total iter": 15, "msg rcv total": 11452, "msg sent total": 17178}, "my-scheduler-6f99ff999d-72kht": {"setup time": 20.645852217, "avg time per iter": 13072.375, "total time": 209158, "total iter": 15, "msg rcv total": 7362, "msg sent total": 13056}, "my-scheduler-6f99ff999d-7h474": {"setup time": 25.83923892, "avg time per iter": 13105.5, "total time": 209688, "total iter": 15, "msg rcv total": 13088, "msg sent total": 16328}, "my-scheduler-6f99ff999d-7znj4": {"setup time": 31.888977495, "avg time per iter": 13162.1875, "total time": 210595, "total iter": 15, "msg rcv total": 13906, "msg sent total": 9816}, "my-scheduler-6f99ff999d-84fpq": {"setup time": 31.030443551, "avg time per iter": 13022.25, "total time": 208356, "total iter": 15, "msg rcv total": 17178, "msg sent total": 8148}, "my-scheduler-6f99ff999d-87nth": {"setup time": 21.712352283, "avg time per iter": 12951.9375, "total time": 207231, "total iter": 15, "msg rcv total": 14724, "msg sent total": 8998}, "my-scheduler-6f99ff999d-8db5w": {"setup time": 28.829878168, "avg time per iter": 13382.75, "total time": 214124, "total iter": 15, "msg rcv total": 7362, "msg sent total": 12270}, "my-scheduler-6f99ff999d-8jrwx": {"setup time": 20.330631552, "avg time per iter": 12959.8125, "total time": 207357, "total iter": 15, "msg rcv total": 13088, "msg sent total": 6544}, "my-scheduler-6f99ff999d-8ms5n": {"setup time": 31.28683724, "avg time per iter": 13720.0625, "total time": 219521, "total iter": 15, "msg rcv total": 11452, "msg sent total": 17146}, "my-scheduler-6f99ff999d-8szvh": {"setup time": 25.570187136, "avg time per iter": 13006.0625, "total time": 208097, "total iter": 15, "msg rcv total": 10634, "msg sent total": 9816}, "my-scheduler-6f99ff999d-922wr": {"setup time": 20.352513201, "avg time per iter": 13514.625, "total time": 216234, "total iter": 15, "msg rcv total": 10634, "msg sent total": 13906}, "my-scheduler-6f99ff999d-94dzq": {"setup time": 18.795980183, "avg time per iter": 12433.0625, "total time": 198929, "total iter": 15, "msg rcv total": 8998, "msg sent total": 8180}, "my-scheduler-6f99ff999d-9drn7": {"setup time": 21.628798791, "avg time per iter": 12178.625, "total time": 194858, "total iter": 15, "msg rcv total": 12270, "msg sent total": 13056}, "my-scheduler-6f99ff999d-b6cxv": {"setup time": 22.980344362, "avg time per iter": 13029.9375, "total time": 208479, "total iter": 15, "msg rcv total": 13088, "msg sent total": 13088}, "my-scheduler-6f99ff999d-b7t5g": {"setup time": 24.918711868, "avg time per iter": 12856.0625, "total time": 205697, "total iter": 15, "msg rcv total": 21268, "msg sent total": 14724}, "my-scheduler-6f99ff999d-bfqmk": {"setup time": 24.198230168, "avg time per iter": 13172.125, "total time": 210754, "total iter": 15, "msg rcv total": 13906, "msg sent total": 13088}, "my-scheduler-6f99ff999d-c55cw": {"setup time": 24.756621048, "avg time per iter": 12490.75, "total time": 199852, "total iter": 15, "msg rcv total": 13088, "msg sent total": 8998}, "my-scheduler-6f99ff999d-cd54q": {"setup time": 23.037954343, "avg time per iter": 13510.0625, "total time": 216161, "total iter": 15, "msg rcv total": 14724, "msg sent total": 13906}, "my-scheduler-6f99ff999d-cdqqd": {"setup time": 24.282405202, "avg time per iter": 13112.8125, "total time": 209805, "total iter": 15, "msg rcv total": 8180, "msg sent total": 8966}, "my-scheduler-6f99ff999d-ch2fw": {"setup time": 32.057302232, "avg time per iter": 13489.125, "total time": 215826, "total iter": 15, "msg rcv total": 11452, "msg sent total": 14724}, "my-scheduler-6f99ff999d-cp7hv": {"setup time": 31.077434567, "avg time per iter": 13156.5, "total time": 210504, "total iter": 15, "msg rcv total": 9816, "msg sent total": 11452}, "my-scheduler-6f99ff999d-crg8l": {"setup time": 33.475469741, "avg time per iter": 13302.1875, "total time": 212835, "total iter": 15, "msg rcv total": 12270, "msg sent total": 12270}, "my-scheduler-6f99ff999d-ctz8z": {"setup time": 24.4304008, "avg time per iter": 12501.3125, "total time": 200021, "total iter": 15, "msg rcv total": 9816, "msg sent total": 12238}, "my-scheduler-6f99ff999d-cwx47": {"setup time": 20.324591084, "avg time per iter": 13398.6875, "total time": 214379, "total iter": 15, "msg rcv total": 11452, "msg sent total": 8966}, "my-scheduler-6f99ff999d-d4cf7": {"setup time": 23.016984405, "avg time per iter": 13228.3125, "total time": 211653, "total iter": 15, "msg rcv total": 16360, "msg sent total": 13088}, "my-scheduler-6f99ff999d-d7slc": {"setup time": 19.919155706, "avg time per iter": 13242.4375, "total time": 211879, "total iter": 15, "msg rcv total": 11452, "msg sent total": 13088}, "my-scheduler-6f99ff999d-d8ww2": {"setup time": 27.192127257, "avg time per iter": 13003.5, "total time": 208056, "total iter": 15, "msg rcv total": 12270, "msg sent total": 9816}, "my-scheduler-6f99ff999d-dk68t": {"setup time": 16.924587495, "avg time per iter": 13378.1875, "total time": 214051, "total iter": 15, "msg rcv total": 10634, "msg sent total": 10634}, "my-scheduler-6f99ff999d-f82gs": {"setup time": 20.990464677, "avg time per iter": 12954.75, "total time": 207276, "total iter": 15, "msg rcv total": 13088, "msg sent total": 13088}, "my-scheduler-6f99ff999d-f8567": {"setup time": 25.800993434, "avg time per iter": 12413.25,