{"0": {"my-scheduler-6f99ff999d-27dlg": {"setup time": 24.809216818, "avg time per iter": 21490.57894736842, "total time": 408321, "total iter": 18, "msg rcv total": 17478, "msg sent total": 13594}, "my-scheduler-6f99ff999d-2c2ts": {"setup time": 28.613636227, "avg time per iter": 22191.947368421053, "total time": 421647, "total iter": 18, "msg rcv total": 15536, "msg sent total": 20353}, "my-scheduler-6f99ff999d-2kcsk": {"setup time": 26.090180007, "avg time per iter": 22368.105263157893, "total time": 424994, "total iter": 18, "msg rcv total": 15536, "msg sent total": 6797}, "my-scheduler-6f99ff999d-2tl6x": {"setup time": 27.263419364, "avg time per iter": 22293.263157894737, "total time": 423572, "total iter": 18, "msg rcv total": 11652, "msg sent total": 9672}, "my-scheduler-6f99ff999d-2xd4t": {"setup time": 30.784478335, "avg time per iter": 22164.842105263157, "total time": 421132, "total iter": 18, "msg rcv total": 16507, "msg sent total": 11652}, "my-scheduler-6f99ff999d-48924": {"setup time": 32.06285376, "avg time per iter": 22031.315789473683, "total time": 418595, "total iter": 18, "msg rcv total": 17727, "msg sent total": 10681}, "my-scheduler-6f99ff999d-4bz54": {"setup time": 30.946207775, "avg time per iter": 22435.63157894737, "total time": 426277, "total iter": 18, "msg rcv total": 12623, "msg sent total": 11652}, "my-scheduler-6f99ff999d-4slfp": {"setup time": 24.473249938, "avg time per iter": 22165.684210526317, "total time": 421148, "total iter": 18, "msg rcv total": 25246, "msg sent total": 17478}, "my-scheduler-6f99ff999d-5fqrb": {"setup time": 20.653543701, "avg time per iter": 22030.157894736843, "total time": 418573, "total iter": 18, "msg rcv total": 10681, "msg sent total": 17478}, "my-scheduler-6f99ff999d-5g744": {"setup time": 29.565736254, "avg time per iter": 22179.21052631579, "total time": 421405, "total iter": 18, "msg rcv total": 11652, "msg sent total": 14565}, "my-scheduler-6f99ff999d-5hrlp": {"setup time": 20.3981214, "avg time per iter": 21632.105263157893, "total time": 411010, "total iter": 18, "msg rcv total": 18449, "msg sent total": 8739}, "my-scheduler-6f99ff999d-5nvv6": {"setup time": 28.247779143, "avg time per iter": 21849.157894736843, "total time": 415134, "total iter": 18, "msg rcv total": 15536, "msg sent total": 18449}, "my-scheduler-6f99ff999d-5r9qr": {"setup time": 20.833478774, "avg time per iter": 22302.684210526317, "total time": 423751, "total iter": 18, "msg rcv total": 16507, "msg sent total": 10681}, "my-scheduler-6f99ff999d-5vnbt": {"setup time": 25.732391199, "avg time per iter": 22283.526315789473, "total time": 423387, "total iter": 18, "msg rcv total": 7768, "msg sent total": 16507}, "my-scheduler-6f99ff999d-6nwtm": {"setup time": 24.118826844, "avg time per iter": 22156.473684210527, "total time": 420973, "total iter": 18, "msg rcv total": 14565, "msg sent total": 11652}, "my-scheduler-6f99ff999d-72kt9": {"setup time": 22.987638517, "avg time per iter": 22352.473684210527, "total time": 424697, "total iter": 18, "msg rcv total": 16507, "msg sent total": 14565}, "my-scheduler-6f99ff999d-746gx": {"setup time": 19.204011328, "avg time per iter": 22302.78947368421, "total time": 423753, "total iter": 18, "msg rcv total": 13594, "msg sent total": 15536}, "my-scheduler-6f99ff999d-77qlm": {"setup time": 19.483627811, "avg time per iter": 22130.315789473683, "total time": 420476, "total iter": 18, "msg rcv total": 16507, "msg sent total": 7768}, "my-scheduler-6f99ff999d-7gbq4": {"setup time": 29.321100959, "avg time per iter": 22377.263157894737, "total time": 425168, "total iter": 18, "msg rcv total": 16507, "msg sent total": 21324}, "my-scheduler-6f99ff999d-7h92c": {"setup time": 19.389831695, "avg time per iter": 21825.21052631579, "total time": 414679, "total iter": 18, "msg rcv total": 15536, "msg sent total": 7768}, "my-scheduler-6f99ff999d-7zpzw": {"setup time": 23.4235883, "avg time per iter": 22128.105263157893, "total time": 420434, "total iter": 18, "msg rcv total": 13594, "msg sent total": 16507}, "my-scheduler-6f99ff999d-88q2k": {"setup time": 24.718429705, "avg time per iter": 22226.263157894737, "total time": 422299, "total iter": 18, "msg rcv total": 5826, "msg sent total": 12623}, "my-scheduler-6f99ff999d-8bclt": {"setup time": 30.369744284, "avg time per iter": 22361.157894736843, "total time": 424862, "total iter": 18, "msg rcv total": 11652, "msg sent total": 13594}, "my-scheduler-6f99ff999d-9cpk4": {"setup time": 30.423642732, "avg time per iter": 22370.42105263158, "total time": 425038, "total iter": 18, "msg rcv total": 11652, "msg sent total": 17478}, "my-scheduler-6f99ff999d-b2hlw": {"setup time": 27.080328569, "avg time per iter": 22299, "total time": 423681, "total iter": 18, "msg rcv total": 16507, "msg sent total": 15536}, "my-scheduler-6f99ff999d-b2lrm": {"setup time": 29.158120709, "avg time per iter": 21806.42105263158, "total time": 414322, "total iter": 18, "msg rcv total": 21362, "msg sent total": 14527}, "my-scheduler-6f99ff999d-b5nlb": {"setup time": 23.283635091, "avg time per iter": 22209.315789473683, "total time": 421977, "total iter": 18, "msg rcv total": 16507, "msg sent total": 15536}, "my-scheduler-6f99ff999d-b8kk5": {"setup time": 23.484725362, "avg time per iter": 22038.894736842107, "total time": 418739, "total iter": 18, "msg rcv total": 11652, "msg sent total": 14527}, "my-scheduler-6f99ff999d-b9vp5": {"setup time": 28.700274432, "avg time per iter": 22180.315789473683, "total time": 421426, "total iter": 18, "msg rcv total": 15536, "msg sent total": 11652}, "my-scheduler-6f99ff999d-bsmgj": {"setup time": 28.684555572, "avg time per iter": 22130, "total time": 420470, "total iter": 18, "msg rcv total": 15536, "msg sent total": 15536}, "my-scheduler-6f99ff999d-c85px": {"setup time": 26.06433554, "avg time per iter": 22414.57894736842, "total time": 425877, "total iter": 18, "msg rcv total": 17478, "msg sent total": 22333}, "my-scheduler-6f99ff999d-cfdrt": {"setup time": 18.069384244, "avg time per iter": 22106, "total time": 420014, "total iter": 18, "msg rcv total": 10681, "msg sent total": 9710}, "my-scheduler-6f99ff999d-csljn": {"setup time": 22.739199634, "avg time per iter": 22412.42105263158, "total time": 425836, "total iter": 18, "msg rcv total": 17478, "msg sent total": 12623}, "my-scheduler-6f99ff999d-d2qk4": {"setup time": 21.704787814, "avg time per iter": 22080.684210526317, "total time": 419533, "total iter": 18, "msg rcv total": 16507, "msg sent total": 12623}, "my-scheduler-6f99ff999d-djb7s": {"setup time": 20.771022038, "avg time per iter": 22222.157894736843, "total time": 422221, "total iter": 18, "msg rcv total": 11652, "msg sent total": 21362}, "my-scheduler-6f99ff999d-dp97b": {"setup time": 29.907417157, "avg time per iter": 22087.315789473683, "total time": 419659, "total iter": 18, "msg rcv total": 13594, "msg sent total": 13594}, "my-scheduler-6f99ff999d-dwh2c": {"setup time": 23.737903361, "avg time per iter": 22420.842105263157, "total time": 425996, "total iter": 18, "msg rcv total": 18449, "msg sent total": 16507}, "my-scheduler-6f99ff999d-fjscb": {"setup time": 29.620549169, "avg time per iter": 22264.473684210527, "total time": 423025, "total iter": 18, "msg rcv total": 17478, "msg sent total": 6797}, "my-scheduler-6f99ff999d-fvwpq": {"setup time": 26.040740017, "avg time per iter": 22047.42105263158, "total time": 418901, "total iter": 18, "msg rcv total": 11652, "msg sent total": 10681}, "my-scheduler-6f99ff999d-fx682": {"setup time": 19.467311157, "avg time per iter": 21998.894736842107, "total time": 417979, "total iter": 18, "msg rcv total": 12623, "msg sent total": 16507}, "my-scheduler-6f99ff999d-g5kbh": {"setup time": 18.158009721, "avg time per iter": 22088.052631578947, "total time": 419673, "total iter": 18, "msg rcv total": 21362, "msg sent total": 20391}, "my-scheduler-6f99ff999d-g5qn9": {"setup time": 26.274920871, "avg time per iter": 22094.947368421053, "total time": 419804, "total iter": 18,