{"0": {"my-scheduler-6f99ff999d-2rdfv": {"setup time": 20.500439489, "avg time per iter": 11170.375, "total time": 178726, "total iter": 15, "msg rcv total": 10634, "msg sent total": 15542}, "my-scheduler-6f99ff999d-4gt7n": {"setup time": 19.668453711, "avg time per iter": 11206.5625, "total time": 179305, "total iter": 15, "msg rcv total": 12270, "msg sent total": 13056}, "my-scheduler-6f99ff999d-4l86x": {"setup time": 16.47213565, "avg time per iter": 11573.6875, "total time": 185179, "total iter": 15, "msg rcv total": 9816, "msg sent total": 12270}, "my-scheduler-6f99ff999d-4r6vh": {"setup time": 29.250681659, "avg time per iter": 12286.375, "total time": 196582, "total iter": 15, "msg rcv total": 17178, "msg sent total": 8148}, "my-scheduler-6f99ff999d-4snjv": {"setup time": 29.822851859, "avg time per iter": 12093.625, "total time": 193498, "total iter": 15, "msg rcv total": 11452, "msg sent total": 14724}, "my-scheduler-6f99ff999d-56msm": {"setup time": 20.554525779, "avg time per iter": 11691.375, "total time": 187062, "total iter": 15, "msg rcv total": 13906, "msg sent total": 10634}, "my-scheduler-6f99ff999d-5qtvd": {"setup time": 20.313170802, "avg time per iter": 11340.9375, "total time": 181455, "total iter": 15, "msg rcv total": 4908, "msg sent total": 8148}, "my-scheduler-6f99ff999d-5vpwb": {"setup time": 18.997147709, "avg time per iter": 11768.0625, "total time": 188289, "total iter": 15, "msg rcv total": 7362, "msg sent total": 13056}, "my-scheduler-6f99ff999d-5z2pw": {"setup time": 32.069960606, "avg time per iter": 12325, "total time": 197200, "total iter": 15, "msg rcv total": 14934, "msg sent total": 8998}, "my-scheduler-6f99ff999d-69g42": {"setup time": 22.74413041, "avg time per iter": 11448.25, "total time": 183172, "total iter": 15, "msg rcv total": 11452, "msg sent total": 13906}, "my-scheduler-6f99ff999d-6bhls": {"setup time": 25.943810967, "avg time per iter": 11728.375, "total time": 187654, "total iter": 15, "msg rcv total": 10634, "msg sent total": 11452}, "my-scheduler-6f99ff999d-6j9st": {"setup time": 27.592719803, "avg time per iter": 12084.4375, "total time": 193351, "total iter": 15, "msg rcv total": 13088, "msg sent total": 17146}, "my-scheduler-6f99ff999d-6k65s": {"setup time": 22.328204924, "avg time per iter": 11819.9375, "total time": 189119, "total iter": 15, "msg rcv total": 13906, "msg sent total": 13088}, "my-scheduler-6f99ff999d-6rjm6": {"setup time": 29.957158127, "avg time per iter": 12049.625, "total time": 192794, "total iter": 15, "msg rcv total": 10634, "msg sent total": 9816}, "my-scheduler-6f99ff999d-6xxkn": {"setup time": 19.144215558, "avg time per iter": 11879.125, "total time": 190066, "total iter": 15, "msg rcv total": 17178, "msg sent total": 13906}, "my-scheduler-6f99ff999d-74skp": {"setup time": 20.764046632, "avg time per iter": 11413.875, "total time": 182622, "total iter": 15, "msg rcv total": 13088, "msg sent total": 10634}, "my-scheduler-6f99ff999d-7kqxc": {"setup time": 19.179309024, "avg time per iter": 11789.375, "total time": 188630, "total iter": 15, "msg rcv total": 15542, "msg sent total": 7362}, "my-scheduler-6f99ff999d-7sdrc": {"setup time": 28.942344246, "avg time per iter": 12197.3125, "total time": 195157, "total iter": 15, "msg rcv total": 11452, "msg sent total": 11452}, "my-scheduler-6f99ff999d-7t6jx": {"setup time": 25.981672181, "avg time per iter": 11991.3125, "total time": 191861, "total iter": 15, "msg rcv total": 13906, "msg sent total": 13088}, "my-scheduler-6f99ff999d-87cm6": {"setup time": 28.944022766, "avg time per iter": 12322.25, "total time": 197156, "total iter": 15, "msg rcv total": 13906, "msg sent total": 13906}, "my-scheduler-6f99ff999d-8bg9l": {"setup time": 20.142201763, "avg time per iter": 11251, "total time": 180016, "total iter": 15, "msg rcv total": 13906, "msg sent total": 8998}, "my-scheduler-6f99ff999d-94cvh": {"setup time": 26.882912697, "avg time per iter": 12305.9375, "total time": 196895, "total iter": 15, "msg rcv total": 8180, "msg sent total": 9816}, "my-scheduler-6f99ff999d-9wqzk": {"setup time": 22.9108207, "avg time per iter": 11676.6875, "total time": 186827, "total iter": 15, "msg rcv total": 15542, "msg sent total": 13906}, "my-scheduler-6f99ff999d-9wsfd": {"setup time": 17.789405336, "avg time per iter": 11689.5, "total time": 187032, "total iter": 15, "msg rcv total": 7362, "msg sent total": 13056}, "my-scheduler-6f99ff999d-bdwj4": {"setup time": 29.681772483, "avg time per iter": 11980.375, "total time": 191686, "total iter": 15, "msg rcv total": 11452, "msg sent total": 17146}, "my-scheduler-6f99ff999d-bltmx": {"setup time": 24.728986134, "avg time per iter": 10513.8125, "total time": 168221, "total iter": 15, "msg rcv total": 6544, "msg sent total": 13906}, "my-scheduler-6f99ff999d-cgtzq": {"setup time": 23.676242291, "avg time per iter": 11866.125, "total time": 189858, "total iter": 15, "msg rcv total": 13906, "msg sent total": 14724}, "my-scheduler-6f99ff999d-cjlkl": {"setup time": 30.125821739, "avg time per iter": 12184.8125, "total time": 194957, "total iter": 15, "msg rcv total": 12270, "msg sent total": 12270}, "my-scheduler-6f99ff999d-cz5j8": {"setup time": 29.088873181, "avg time per iter": 12046.5, "total time": 192744, "total iter": 15, "msg rcv total": 10634, "msg sent total": 17996}, "my-scheduler-6f99ff999d-d7mkh": {"setup time": 21.631697285, "avg time per iter": 11681.3125, "total time": 186901, "total iter": 15, "msg rcv total": 14724, "msg sent total": 13056}, "my-scheduler-6f99ff999d-dqjm6": {"setup time": 29.610238076, "avg time per iter": 12216.4375, "total time": 195463, "total iter": 15, "msg rcv total": 9816, "msg sent total": 14724}, "my-scheduler-6f99ff999d-f8xr7": {"setup time": 24.599222048, "avg time per iter": 11473.1875, "total time": 183571, "total iter": 15, "msg rcv total": 10634, "msg sent total": 16328}, "my-scheduler-6f99ff999d-fb9pp": {"setup time": 28.712054803, "avg time per iter": 12132.125, "total time": 194114, "total iter": 15, "msg rcv total": 9816, "msg sent total": 12270}, "my-scheduler-6f99ff999d-ffjsf": {"setup time": 21.513990718, "avg time per iter": 11793.125, "total time": 188690, "total iter": 15, "msg rcv total": 13088, "msg sent total": 7362}, "my-scheduler-6f99ff999d-frnpt": {"setup time": 17.468103514, "avg time per iter": 11467.375, "total time": 183478, "total iter": 15, "msg rcv total": 11452, "msg sent total": 13906}, "my-scheduler-6f99ff999d-g8n2p": {"setup time": 24.073531218, "avg time per iter": 11688.625, "total time": 187018, "total iter": 15, "msg rcv total": 17996, "msg sent total": 10634}, "my-scheduler-6f99ff999d-g97tf": {"setup time": 25.365199853, "avg time per iter": 11898.875, "total time": 190382, "total iter": 15, "msg rcv total": 13906, "msg sent total": 8966}, "my-scheduler-6f99ff999d-hjxhw": {"setup time": 24.081113763, "avg time per iter": 11951.125, "total time": 191218, "total iter": 15, "msg rcv total": 14724, "msg sent total": 11452}, "my-scheduler-6f99ff999d-hmm67": {"setup time": 22.086470704, "avg time per iter": 11593.4375, "total time": 185495, "total iter": 15, "msg rcv total": 8998, "msg sent total": 11452}, "my-scheduler-6f99ff999d-hptcf": {"setup time": 17.001488783, "avg time per iter": 11349.25, "total time": 181588, "total iter": 15, "msg rcv total": 8998, "msg sent total": 8180}, "my-scheduler-6f99ff999d-j4725": {"setup time": 16.972415367, "avg time per iter": 11835.4375, "total time": 189367, "total iter": 15, "msg rcv total": 9816, "msg sent total": 11452}, "my-scheduler-6f99ff999d-j7j9g": {"setup time": 27.376139272, "avg time per iter": 12370.75, "total time": 197932, "total iter": 15, "msg rcv total": 13088, "msg sent total": 15542}, "my-scheduler-6f99ff999d-j98sn": {"setup time": 27.214009604, "avg time per iter": 11561.8125, "total time": 184989, "total iter": 15, "msg rcv total": 12270, "msg sent total": 12270}, "my-scheduler-6f99ff999d-js8sf": {"setup time": 23.354717121, "avg time per iter": 11974.0625,