{"0": {"my-scheduler-584c8c576b-4pc68": {"setup time": 4.6679194630000005, "avg time per iter": 810.3859649122807, "total time": 46192, "total iter": 56, "msg rcv total": 5818, "msg sent total": 5704}, "my-scheduler-584c8c576b-75xqg": {"setup time": 4.021361373, "avg time per iter": 806.9649122807018, "total time": 45997, "total iter": 56, "msg rcv total": 2909, "msg sent total": 2909}, "my-scheduler-584c8c576b-8brdq": {"setup time": 4.597757688, "avg time per iter": 817.9122807017544, "total time": 46621, "total iter": 56, "msg rcv total": 2909, "msg sent total": 2909}, "my-scheduler-584c8c576b-9tb58": {"setup time": 4.70769842, "avg time per iter": 804.7543859649123, "total time": 45871, "total iter": 56, "msg rcv total": 2909, "msg sent total": 2909}, "my-scheduler-584c8c576b-b5g2c": {"setup time": 4.654934574, "avg time per iter": 809.1929824561404, "total time": 46124, "total iter": 56, "msg rcv total": 2909, "msg sent total": 2909}, "my-scheduler-584c8c576b-jslg6": {"setup time": 4.948363256, "avg time per iter": 796.5964912280701, "total time": 45406, "total iter": 56, "msg rcv total": 5818, "msg sent total": 2909}, "my-scheduler-584c8c576b-k5p8c": {"setup time": 3.128950892, "avg time per iter": 811.140350877193, "total time": 46235, "total iter": 56, "msg rcv total": 2909, "msg sent total": 5818}, "my-scheduler-584c8c576b-lp2tk": {"setup time": 5.553860898, "avg time per iter": 815.280701754386, "total time": 46471, "total iter": 56, "msg rcv total": 2795, "msg sent total": 5818}, "my-scheduler-584c8c576b-sbj5k": {"setup time": 2.714236368, "avg time per iter": 817.7543859649123, "total time": 46612, "total iter": 56, "msg rcv total": 5818, "msg sent total": 2909}}, "1": {"my-scheduler-584c8c576b-4pc68": {"avg time per iter": 699.3157894736842, "total time": 39861, "total iter": 56, "msg rcv total": 5818, "msg sent total": 5704}, "my-scheduler-584c8c576b-75xqg": {"avg time per iter": 696.9649122807018, "total time": 39727, "total iter": 56, "msg rcv total": 2909, "msg sent total": 2909}, "my-scheduler-584c8c576b-8brdq": {"avg time per iter": 697.9824561403509, "total time": 39785, "total iter": 56, "msg rcv total": 2909, "msg sent total": 2909}, "my-scheduler-584c8c576b-9tb58": {"avg time per iter": 693.1929824561404, "total time": 39512, "total iter": 56, "msg rcv total": 2909, "msg sent total": 2909}, "my-scheduler-584c8c576b-b5g2c": {"avg time per iter": 697.719298245614, "total time": 39770, "total iter": 56, "msg rcv total": 2909, "msg sent total": 2909}, "my-scheduler-584c8c576b-jslg6": {"avg time per iter": 702.6315789473684, "total time": 40050, "total iter": 56, "msg rcv total": 5818, "msg sent total": 2909}, "my-scheduler-584c8c576b-k5p8c": {"avg time per iter": 695.1754385964912, "total time": 39625, "total iter": 56, "msg rcv total": 2909, "msg sent total": 5818}, "my-scheduler-584c8c576b-lp2tk": {"avg time per iter": 692.3333333333334, "total time": 39463, "total iter": 56, "msg rcv total": 2795, "msg sent total": 5818}, "my-scheduler-584c8c576b-sbj5k": {"avg time per iter": 699.719298245614, "total time": 39884, "total iter": 56, "msg rcv total": 5818, "msg sent total": 2909}}, "2": {"my-scheduler-584c8c576b-4pc68": {"avg time per iter": 710.6315789473684, "total time": 40506, "total iter": 56, "msg rcv total": 5818, "msg sent total": 5704}, "my-scheduler-584c8c576b-75xqg": {"avg time per iter": 694.4736842105264, "total time": 39585, "total iter": 56, "msg rcv total": 2909, "msg sent total": 2909}, "my-scheduler-584c8c576b-8brdq": {"avg time per iter": 691.7017543859649, "total time": 39427, "total iter": 56, "msg rcv total": 2909, "msg sent total": 2909}, "my-scheduler-584c8c576b-9tb58": {"avg time per iter": 702.561403508772, "total time": 40046, "total iter": 56, "msg rcv total": 2909, "msg sent total": 2909}, "my-scheduler-584c8c576b-b5g2c": {"avg time per iter": 712.0175438596491, "total time": 40585, "total iter": 56, "msg rcv total": 2909, "msg sent total": 2909}, "my-scheduler-584c8c576b-jslg6": {"avg time per iter": 715.6491228070175, "total time": 40792, "total iter": 56, "msg rcv total": 5818, "msg sent total": 2909}, "my-scheduler-584c8c576b-k5p8c": {"avg time per iter": 708.8245614035088, "total time": 40403, "total iter": 56, "msg rcv total": 2909, "msg sent total": 5818}, "my-scheduler-584c8c576b-lp2tk": {"avg time per iter": 705.8070175438596, "total time": 40231, "total iter": 56, "msg rcv total": 2795, "msg sent total": 5818}, "my-scheduler-584c8c576b-sbj5k": {"avg time per iter": 715.4736842105264, "total time": 40782, "total iter": 56, "msg rcv total": 5818, "msg sent total": 2909}}, "3": {"my-scheduler-584c8c576b-4pc68": {"avg time per iter": 709.4561403508771, "total time": 40439, "total iter": 56, "msg rcv total": 5818, "msg sent total": 5704}, "my-scheduler-584c8c576b-75xqg": {"avg time per iter": 697.0701754385965, "total time": 39733, "total iter": 56, "msg rcv total": 2909, "msg sent total": 2909}, "my-scheduler-584c8c576b-8brdq": {"avg time per iter": 703.0350877192982, "total time": 40073, "total iter": 56, "msg rcv total": 2909, "msg sent total": 2909}, "my-scheduler-584c8c576b-9tb58": {"avg time per iter": 701.3859649122807, "total time": 39979, "total iter": 56, "msg rcv total": 2909, "msg sent total": 2909}, "my-scheduler-584c8c576b-b5g2c": {"avg time per iter": 712.4035087719299, "total time": 40607, "total iter": 56, "msg rcv total": 2909, "msg sent total": 2909}, "my-scheduler-584c8c576b-jslg6": {"avg time per iter": 712.719298245614, "total time": 40625, "total iter": 56, "msg rcv total": 5818, "msg sent total": 2909}, "my-scheduler-584c8c576b-k5p8c": {"avg time per iter": 658.6842105263158, "total time": 37545, "total iter": 56, "msg rcv total": 2909, "msg sent total": 5818}, "my-scheduler-584c8c576b-lp2tk": {"avg time per iter": 701.5087719298245, "total time": 39986, "total iter": 56, "msg rcv total": 2795, "msg sent total": 5818}, "my-scheduler-584c8c576b-sbj5k": {"avg time per iter": 711.4736842105264, "total time": 40554, "total iter": 56, "msg rcv total": 5818, "msg sent total": 2909}}, "4": {"my-scheduler-584c8c576b-4pc68": {"avg time per iter": 741.4561403508771, "total time": 42263, "total iter": 56, "msg rcv total": 5818, "msg sent total": 5704}, "my-scheduler-584c8c576b-75xqg": {"avg time per iter": 716.4912280701755, "total time": 40840, "total iter": 56, "msg rcv total": 2909, "msg sent total": 2909}, "my-scheduler-584c8c576b-8brdq": {"avg time per iter": 720.1578947368421, "total time": 41049, "total iter": 56, "msg rcv total": 2909, "msg sent total": 2909}, "my-scheduler-584c8c576b-9tb58": {"avg time per iter": 736.1929824561404, "total time": 41963, "total iter": 56, "msg rcv total": 2909, "msg sent total": 2909}, "my-scheduler-584c8c576b-b5g2c": {"avg time per iter": 726.859649122807, "total time": 41431, "total iter": 56, "msg rcv total": 2909, "msg sent total": 2909}, "my-scheduler-584c8c576b-jslg6": {"avg time per iter": 738.3508771929825, "total time": 42086, "total iter": 56, "msg rcv total": 5818, "msg sent total": 2909}, "my-scheduler-584c8c576b-k5p8c": {"avg time per iter": 736.2982456140351, "total time": 41969, "total iter": 56, "msg rcv total": 2909, "msg sent total": 5818}, "my-scheduler-584c8c576b-lp2tk": {"avg time per iter": 728.3157894736842, "total time": 41514, "total iter": 56, "msg rcv total": 2795, "msg sent total": 5818}, "my-scheduler-584c8c576b-sbj5k": {"avg time per iter": 733.6842105263158, "total time": 41820, "total iter": 56, "msg rcv total": 5818, "msg sent total": 2909}}, "5": {"my-scheduler-584c8c576b-4pc68": {"avg time per iter": 698.6, "total time": 34930, "total iter": 49, "msg rcv total": 5104, "msg sent total": 5004}, "my-scheduler-584c8c576b-75xqg": {"avg time per iter": 705.76, "total time": 35288, "total iter": 49, "msg rcv total": 2552, "msg sent total": 2552}, "my-scheduler-584c8c576b-8brdq": {"avg time per iter": 703.34, "total time": 35167, "total iter": 49, "msg rcv total": 2552, "msg sent total": 2552},