{"0": {"my-scheduler-584c8c576b-4qbvd": {"setup time": 10.193718098, "avg time per iter": 811.6140350877193, "total time": 46262, "total iter": 56, "msg rcv total": 2795, "msg sent total": 5818}, "my-scheduler-584c8c576b-8rljt": {"setup time": 10.051473529, "avg time per iter": 826.4912280701755, "total time": 47110, "total iter": 56, "msg rcv total": 5818, "msg sent total": 2909}, "my-scheduler-584c8c576b-8t84k": {"setup time": 6.863534099, "avg time per iter": 825.9298245614035, "total time": 47078, "total iter": 56, "msg rcv total": 2909, "msg sent total": 2909}, "my-scheduler-584c8c576b-fwgm2": {"setup time": 9.077426517, "avg time per iter": 825.2456140350877, "total time": 47039, "total iter": 56, "msg rcv total": 2909, "msg sent total": 2909}, "my-scheduler-584c8c576b-hbvll": {"setup time": 7.321365203, "avg time per iter": 817.4561403508771, "total time": 46595, "total iter": 56, "msg rcv total": 2909, "msg sent total": 2909}, "my-scheduler-584c8c576b-lprt9": {"setup time": 5.295910027, "avg time per iter": 817.6666666666666, "total time": 46607, "total iter": 56, "msg rcv total": 2909, "msg sent total": 5818}, "my-scheduler-584c8c576b-ppddt": {"setup time": 6.452658463, "avg time per iter": 814.3684210526316, "total time": 46419, "total iter": 56, "msg rcv total": 2909, "msg sent total": 2909}, "my-scheduler-584c8c576b-t7n4m": {"setup time": 4.6848640889999995, "avg time per iter": 805.438596491228, "total time": 45910, "total iter": 56, "msg rcv total": 5818, "msg sent total": 2909}, "my-scheduler-584c8c576b-tb4xp": {"setup time": 8.053591978, "avg time per iter": 815.9473684210526, "total time": 46509, "total iter": 56, "msg rcv total": 5818, "msg sent total": 5704}}, "1": {"my-scheduler-584c8c576b-4qbvd": {"avg time per iter": 653.140350877193, "total time": 37229, "total iter": 56, "msg rcv total": 2795, "msg sent total": 5818}, "my-scheduler-584c8c576b-8rljt": {"avg time per iter": 658.2982456140351, "total time": 37523, "total iter": 56, "msg rcv total": 5818, "msg sent total": 2909}, "my-scheduler-584c8c576b-8t84k": {"avg time per iter": 664.859649122807, "total time": 37897, "total iter": 56, "msg rcv total": 2909, "msg sent total": 2909}, "my-scheduler-584c8c576b-fwgm2": {"avg time per iter": 658.3333333333334, "total time": 37525, "total iter": 56, "msg rcv total": 2909, "msg sent total": 2909}, "my-scheduler-584c8c576b-hbvll": {"avg time per iter": 657.2280701754386, "total time": 37462, "total iter": 56, "msg rcv total": 2909, "msg sent total": 2909}, "my-scheduler-584c8c576b-lprt9": {"avg time per iter": 659.8947368421053, "total time": 37614, "total iter": 56, "msg rcv total": 2909, "msg sent total": 5818}, "my-scheduler-584c8c576b-ppddt": {"avg time per iter": 662.4736842105264, "total time": 37761, "total iter": 56, "msg rcv total": 2909, "msg sent total": 2909}, "my-scheduler-584c8c576b-t7n4m": {"avg time per iter": 656.859649122807, "total time": 37441, "total iter": 56, "msg rcv total": 5818, "msg sent total": 2909}, "my-scheduler-584c8c576b-tb4xp": {"avg time per iter": 664.7894736842105, "total time": 37893, "total iter": 56, "msg rcv total": 5818, "msg sent total": 5704}}, "2": {"my-scheduler-584c8c576b-4qbvd": {"avg time per iter": 813.7543859649123, "total time": 46384, "total iter": 56, "msg rcv total": 2795, "msg sent total": 5818}, "my-scheduler-584c8c576b-8rljt": {"avg time per iter": 800.6315789473684, "total time": 45636, "total iter": 56, "msg rcv total": 5818, "msg sent total": 2909}, "my-scheduler-584c8c576b-8t84k": {"avg time per iter": 819.5087719298245, "total time": 46712, "total iter": 56, "msg rcv total": 2909, "msg sent total": 2909}, "my-scheduler-584c8c576b-fwgm2": {"avg time per iter": 807.859649122807, "total time": 46048, "total iter": 56, "msg rcv total": 2909, "msg sent total": 2909}, "my-scheduler-584c8c576b-hbvll": {"avg time per iter": 800.1228070175439, "total time": 45607, "total iter": 56, "msg rcv total": 2909, "msg sent total": 2909}, "my-scheduler-584c8c576b-lprt9": {"avg time per iter": 807.9298245614035, "total time": 46052, "total iter": 56, "msg rcv total": 2909, "msg sent total": 5818}, "my-scheduler-584c8c576b-ppddt": {"avg time per iter": 815.7368421052631, "total time": 46497, "total iter": 56, "msg rcv total": 2909, "msg sent total": 2909}, "my-scheduler-584c8c576b-t7n4m": {"avg time per iter": 820.4035087719299, "total time": 46763, "total iter": 56, "msg rcv total": 5818, "msg sent total": 2909}, "my-scheduler-584c8c576b-tb4xp": {"avg time per iter": 810.9824561403509, "total time": 46226, "total iter": 56, "msg rcv total": 5818, "msg sent total": 5704}}, "3": {"my-scheduler-584c8c576b-4qbvd": {"avg time per iter": 710.9473684210526, "total time": 40524, "total iter": 56, "msg rcv total": 2795, "msg sent total": 5818}, "my-scheduler-584c8c576b-8rljt": {"avg time per iter": 712.7719298245614, "total time": 40628, "total iter": 56, "msg rcv total": 5818, "msg sent total": 2909}, "my-scheduler-584c8c576b-8t84k": {"avg time per iter": 728.9824561403509, "total time": 41552, "total iter": 56, "msg rcv total": 2909, "msg sent total": 2909}, "my-scheduler-584c8c576b-fwgm2": {"avg time per iter": 719.6491228070175, "total time": 41020, "total iter": 56, "msg rcv total": 2909, "msg sent total": 2909}, "my-scheduler-584c8c576b-hbvll": {"avg time per iter": 714.0877192982456, "total time": 40703, "total iter": 56, "msg rcv total": 2909, "msg sent total": 2909}, "my-scheduler-584c8c576b-lprt9": {"avg time per iter": 720.0701754385965, "total time": 41044, "total iter": 56, "msg rcv total": 2909, "msg sent total": 5818}, "my-scheduler-584c8c576b-ppddt": {"avg time per iter": 726.3508771929825, "total time": 41402, "total iter": 56, "msg rcv total": 2909, "msg sent total": 2909}, "my-scheduler-584c8c576b-t7n4m": {"avg time per iter": 723.719298245614, "total time": 41252, "total iter": 56, "msg rcv total": 5818, "msg sent total": 2909}, "my-scheduler-584c8c576b-tb4xp": {"avg time per iter": 719.7543859649123, "total time": 41026, "total iter": 56, "msg rcv total": 5818, "msg sent total": 5704}}, "4": {"my-scheduler-584c8c576b-4qbvd": {"avg time per iter": 897.7719298245614, "total time": 51173, "total iter": 56, "msg rcv total": 2795, "msg sent total": 5818}, "my-scheduler-584c8c576b-8rljt": {"avg time per iter": 885.0701754385965, "total time": 50449, "total iter": 56, "msg rcv total": 5818, "msg sent total": 2909}, "my-scheduler-584c8c576b-8t84k": {"avg time per iter": 880.9824561403509, "total time": 50216, "total iter": 56, "msg rcv total": 2909, "msg sent total": 2909}, "my-scheduler-584c8c576b-fwgm2": {"avg time per iter": 891.3859649122807, "total time": 50809, "total iter": 56, "msg rcv total": 2909, "msg sent total": 2909}, "my-scheduler-584c8c576b-hbvll": {"avg time per iter": 882.6491228070175, "total time": 50311, "total iter": 56, "msg rcv total": 2909, "msg sent total": 2909}, "my-scheduler-584c8c576b-lprt9": {"avg time per iter": 903.719298245614, "total time": 51512, "total iter": 56, "msg rcv total": 2909, "msg sent total": 5818}, "my-scheduler-584c8c576b-ppddt": {"avg time per iter": 881.280701754386, "total time": 50233, "total iter": 56, "msg rcv total": 2909, "msg sent total": 2909}, "my-scheduler-584c8c576b-t7n4m": {"avg time per iter": 893.9122807017544, "total time": 50953, "total iter": 56, "msg rcv total": 5818, "msg sent total": 2909}, "my-scheduler-584c8c576b-tb4xp": {"avg time per iter": 891.6842105263158, "total time": 50826, "total iter": 56, "msg rcv total": 5818, "msg sent total": 5704}}, "5": {"my-scheduler-584c8c576b-4qbvd": {"avg time per iter": 645.74, "total time": 32287, "total iter": 49, "msg rcv total": 2452, "msg sent total": 5104}, "my-scheduler-584c8c576b-8rljt": {"avg time per iter": 660.3, "total time": 33015, "total iter": 49, "msg rcv total": 5104, "msg sent total": 2552}, "my-scheduler-584c8c576b-8t84k": {"avg time per iter": 626.12, "total time": 31306, "total iter": 49, "msg rcv total": 2552, "msg sent total": 2552},