{"0": {"my-scheduler-6d787b9bfc-26gpz": {"setup time": 33.339927865, "avg time per iter": 5887.8421052631575, "total time": 111869, "total iter": 18, "msg rcv total": 12623, "msg sent total": 12623}, "my-scheduler-6d787b9bfc-27rsm": {"setup time": 24.978354413, "avg time per iter": 5980.578947368421, "total time": 113631, "total iter": 18, "msg rcv total": 13594, "msg sent total": 16507}, "my-scheduler-6d787b9bfc-2d658": {"setup time": 24.052620026, "avg time per iter": 5824.263157894737, "total time": 110661, "total iter": 18, "msg rcv total": 20391, "msg sent total": 12623}, "my-scheduler-6d787b9bfc-2d8zl": {"setup time": 31.145335541, "avg time per iter": 5795.9473684210525, "total time": 110123, "total iter": 18, "msg rcv total": 19420, "msg sent total": 19420}, "my-scheduler-6d787b9bfc-2kdzv": {"setup time": 23.837793519999998, "avg time per iter": 5895.473684210527, "total time": 112014, "total iter": 18, "msg rcv total": 10681, "msg sent total": 18449}, "my-scheduler-6d787b9bfc-2q2l6": {"setup time": 21.576498627, "avg time per iter": 7450.578947368421, "total time": 141561, "total iter": 18, "msg rcv total": 12623, "msg sent total": 11614}, "my-scheduler-6d787b9bfc-2sh9p": {"setup time": 25.649599622, "avg time per iter": 5664.894736842105, "total time": 107633, "total iter": 18, "msg rcv total": 17478, "msg sent total": 12623}, "my-scheduler-6d787b9bfc-45rdt": {"setup time": 21.077790196, "avg time per iter": 6510.526315789473, "total time": 123700, "total iter": 18, "msg rcv total": 12623, "msg sent total": 14565}, "my-scheduler-6d787b9bfc-4pkfx": {"setup time": 27.858020774, "avg time per iter": 5828.526315789473, "total time": 110742, "total iter": 18, "msg rcv total": 9710, "msg sent total": 13594}, "my-scheduler-6d787b9bfc-5tmfj": {"setup time": 32.378413716, "avg time per iter": 6481.789473684211, "total time": 123154, "total iter": 18, "msg rcv total": 11652, "msg sent total": 8739}, "my-scheduler-6d787b9bfc-62qs6": {"setup time": 23.577111354, "avg time per iter": 5899.210526315789, "total time": 112085, "total iter": 18, "msg rcv total": 15536, "msg sent total": 18449}, "my-scheduler-6d787b9bfc-64sbx": {"setup time": 29.409405231, "avg time per iter": 6999.1578947368425, "total time": 132984, "total iter": 18, "msg rcv total": 10681, "msg sent total": 10643}, "my-scheduler-6d787b9bfc-65l4c": {"setup time": 19.818604101, "avg time per iter": 5828.684210526316, "total time": 110745, "total iter": 18, "msg rcv total": 9710, "msg sent total": 14565}, "my-scheduler-6d787b9bfc-68zqm": {"setup time": 20.936680467, "avg time per iter": 6265.473684210527, "total time": 119044, "total iter": 18, "msg rcv total": 12623, "msg sent total": 21362}, "my-scheduler-6d787b9bfc-6m2vm": {"setup time": 22.613674206, "avg time per iter": 5859.894736842105, "total time": 111338, "total iter": 18, "msg rcv total": 12623, "msg sent total": 9672}, "my-scheduler-6d787b9bfc-7d9hd": {"setup time": 34.304947165, "avg time per iter": 7226.368421052632, "total time": 137301, "total iter": 18, "msg rcv total": 13062, "msg sent total": 16507}, "my-scheduler-6d787b9bfc-7dcrf": {"setup time": 23.705493623, "avg time per iter": 5987.263157894737, "total time": 113758, "total iter": 18, "msg rcv total": 17478, "msg sent total": 15536}, "my-scheduler-6d787b9bfc-7r88x": {"setup time": 28.973246802, "avg time per iter": 6461.684210526316, "total time": 122772, "total iter": 18, "msg rcv total": 16507, "msg sent total": 11652}, "my-scheduler-6d787b9bfc-7tftr": {"setup time": 32.456518606, "avg time per iter": 7092.736842105263, "total time": 134762, "total iter": 18, "msg rcv total": 14565, "msg sent total": 10681}, "my-scheduler-6d787b9bfc-7tnlk": {"setup time": 28.135503451, "avg time per iter": 6452.421052631579, "total time": 122596, "total iter": 18, "msg rcv total": 11652, "msg sent total": 9710}, "my-scheduler-6d787b9bfc-7zk6q": {"setup time": 30.772027242, "avg time per iter": 6923.315789473684, "total time": 131543, "total iter": 18, "msg rcv total": 12623, "msg sent total": 16507}, "my-scheduler-6d787b9bfc-86rbd": {"setup time": 29.540016505, "avg time per iter": 6413.473684210527, "total time": 121856, "total iter": 18, "msg rcv total": 13594, "msg sent total": 15536}, "my-scheduler-6d787b9bfc-8htpp": {"setup time": 21.351193845, "avg time per iter": 6210, "total time": 117990, "total iter": 18, "msg rcv total": 15536, "msg sent total": 17478}, "my-scheduler-6d787b9bfc-96jv9": {"setup time": 27.028341488, "avg time per iter": 6141.368421052632, "total time": 116686, "total iter": 18, "msg rcv total": 12623, "msg sent total": 14527}, "my-scheduler-6d787b9bfc-9qg4k": {"setup time": 22.690097078, "avg time per iter": 6346.526315789473, "total time": 120584, "total iter": 18, "msg rcv total": 15536, "msg sent total": 13594}, "my-scheduler-6d787b9bfc-bbnzc": {"setup time": 32.984586243, "avg time per iter": 6394.263157894737, "total time": 121491, "total iter": 18, "msg rcv total": 13594, "msg sent total": 10681}, "my-scheduler-6d787b9bfc-bmrfk": {"setup time": 25.625776658, "avg time per iter": 6327.210526315789, "total time": 120217, "total iter": 18, "msg rcv total": 11652, "msg sent total": 20391}, "my-scheduler-6d787b9bfc-bpnzd": {"setup time": 30.842988694, "avg time per iter": 6335.789473684211, "total time": 120380, "total iter": 18, "msg rcv total": 15536, "msg sent total": 12623}, "my-scheduler-6d787b9bfc-bxmtl": {"setup time": 29.159565252, "avg time per iter": 6583.473684210527, "total time": 125086, "total iter": 18, "msg rcv total": 15536, "msg sent total": 16507}, "my-scheduler-6d787b9bfc-bzsfk": {"setup time": 32.262432308, "avg time per iter": 6260.8421052631575, "total time": 118956, "total iter": 18, "msg rcv total": 15536, "msg sent total": 11614}, "my-scheduler-6d787b9bfc-c62kj": {"setup time": 25.407323374, "avg time per iter": 5972.315789473684, "total time": 113474, "total iter": 18, "msg rcv total": 14565, "msg sent total": 22333}, "my-scheduler-6d787b9bfc-c8qfc": {"setup time": 27.141023852, "avg time per iter": 6084.526315789473, "total time": 115606, "total iter": 18, "msg rcv total": 17478, "msg sent total": 13594}, "my-scheduler-6d787b9bfc-cm2l9": {"setup time": 32.147010587, "avg time per iter": 6933.421052631579, "total time": 131735, "total iter": 18, "msg rcv total": 20391, "msg sent total": 14565}, "my-scheduler-6d787b9bfc-cn9fh": {"setup time": 30.697421092, "avg time per iter": 5851.526315789473, "total time": 111179, "total iter": 18, "msg rcv total": 12623, "msg sent total": 12623}, "my-scheduler-6d787b9bfc-dk6b2": {"setup time": 21.610000555, "avg time per iter": 6585.473684210527, "total time": 125124, "total iter": 18, "msg rcv total": 10681, "msg sent total": 20353}, "my-scheduler-6d787b9bfc-dw8q7": {"setup time": 30.609650713, "avg time per iter": 6376.736842105263, "total time": 121158, "total iter": 18, "msg rcv total": 12623, "msg sent total": 21362}, "my-scheduler-6d787b9bfc-f2dv4": {"setup time": 23.951961888, "avg time per iter": 5978.789473684211, "total time": 113597, "total iter": 18, "msg rcv total": 22333, "msg sent total": 8739}, "my-scheduler-6d787b9bfc-f2htx": {"setup time": 28.325197324, "avg time per iter": 5816.368421052632, "total time": 110511, "total iter": 18, "msg rcv total": 8739, "msg sent total": 10681}, "my-scheduler-6d787b9bfc-fczlw": {"setup time": 22.485539501, "avg time per iter": 5807.684210526316, "total time": 110346, "total iter": 18, "msg rcv total": 22333, "msg sent total": 14565}, "my-scheduler-6d787b9bfc-fnhr6": {"setup time": 19.508482112, "avg time per iter": 6634.368421052632, "total time": 126053, "total iter": 18, "msg rcv total": 11652, "msg sent total": 11614}, "my-scheduler-6d787b9bfc-fv6f6": {"setup time": 25.153545198, "avg time per iter": 6321.894736842105, "total time": 120116, "total iter": 18, "msg rcv total": 10681, "msg sent total": 14565}, "my-scheduler-6d787b9bfc-hk5gq": {"setup time": 19.751480493, "avg time per iter": 5994.9473684210525, "total time": 113904,