{"0": {"my-scheduler-584c8c576b-8sb6r": {"setup time": 14.89947142, "avg time per iter": 649.6315789473684, "total time": 37029, "total iter": 56, "msg rcv total": 2909, "msg sent total": 2909}, "my-scheduler-584c8c576b-9pjvj": {"setup time": 12.067848999, "avg time per iter": 650.8421052631579, "total time": 37098, "total iter": 56, "msg rcv total": 2909, "msg sent total": 2909}, "my-scheduler-584c8c576b-cq4c8": {"setup time": 20.943732724, "avg time per iter": 660.2105263157895, "total time": 37632, "total iter": 56, "msg rcv total": 2795, "msg sent total": 5818}, "my-scheduler-584c8c576b-h4wxw": {"setup time": 9.701496306, "avg time per iter": 653.6842105263158, "total time": 37260, "total iter": 56, "msg rcv total": 2909, "msg sent total": 5818}, "my-scheduler-584c8c576b-ksd2k": {"setup time": 8.384323858, "avg time per iter": 663.0526315789474, "total time": 37794, "total iter": 56, "msg rcv total": 5818, "msg sent total": 2909}, "my-scheduler-584c8c576b-lrmt2": {"setup time": 11.262179805, "avg time per iter": 646.6842105263158, "total time": 36861, "total iter": 56, "msg rcv total": 2909, "msg sent total": 2909}, "my-scheduler-584c8c576b-pmn9b": {"setup time": 18.396502189, "avg time per iter": 656.7894736842105, "total time": 37437, "total iter": 56, "msg rcv total": 5818, "msg sent total": 2909}, "my-scheduler-584c8c576b-sgdx7": {"setup time": 16.83586566, "avg time per iter": 662.2105263157895, "total time": 37746, "total iter": 56, "msg rcv total": 2909, "msg sent total": 2909}, "my-scheduler-584c8c576b-zqgnk": {"setup time": 16.020138911, "avg time per iter": 659.438596491228, "total time": 37588, "total iter": 56, "msg rcv total": 5818, "msg sent total": 5704}, "my-controller": {}}, "1": {"my-scheduler-584c8c576b-8sb6r": {"avg time per iter": 603.3684210526316, "total time": 34392, "total iter": 56, "msg rcv total": 2909, "msg sent total": 2909}, "my-scheduler-584c8c576b-9pjvj": {"avg time per iter": 600.2280701754386, "total time": 34213, "total iter": 56, "msg rcv total": 2909, "msg sent total": 2909}, "my-scheduler-584c8c576b-cq4c8": {"avg time per iter": 631.2105263157895, "total time": 35979, "total iter": 56, "msg rcv total": 2795, "msg sent total": 5818}, "my-scheduler-584c8c576b-h4wxw": {"avg time per iter": 616.6491228070175, "total time": 35149, "total iter": 56, "msg rcv total": 2909, "msg sent total": 5818}, "my-scheduler-584c8c576b-ksd2k": {"avg time per iter": 600.3859649122807, "total time": 34222, "total iter": 56, "msg rcv total": 5818, "msg sent total": 2909}, "my-scheduler-584c8c576b-lrmt2": {"avg time per iter": 600.0350877192982, "total time": 34202, "total iter": 56, "msg rcv total": 2909, "msg sent total": 2909}, "my-scheduler-584c8c576b-pmn9b": {"avg time per iter": 616.3333333333334, "total time": 35131, "total iter": 56, "msg rcv total": 5818, "msg sent total": 2909}, "my-scheduler-584c8c576b-sgdx7": {"avg time per iter": 617.140350877193, "total time": 35177, "total iter": 56, "msg rcv total": 2909, "msg sent total": 2909}, "my-scheduler-584c8c576b-zqgnk": {"avg time per iter": 622.140350877193, "total time": 35462, "total iter": 56, "msg rcv total": 5818, "msg sent total": 5704}, "my-controller": {}}, "2": {"my-scheduler-584c8c576b-8sb6r": {"avg time per iter": 575.7543859649123, "total time": 32818, "total iter": 56, "msg rcv total": 2909, "msg sent total": 2909}, "my-scheduler-584c8c576b-9pjvj": {"avg time per iter": 584.6491228070175, "total time": 33325, "total iter": 56, "msg rcv total": 2909, "msg sent total": 2909}, "my-scheduler-584c8c576b-cq4c8": {"avg time per iter": 584.6842105263158, "total time": 33327, "total iter": 56, "msg rcv total": 2795, "msg sent total": 5818}, "my-scheduler-584c8c576b-h4wxw": {"avg time per iter": 588.3684210526316, "total time": 33537, "total iter": 56, "msg rcv total": 2909, "msg sent total": 5818}, "my-scheduler-584c8c576b-ksd2k": {"avg time per iter": 590.6315789473684, "total time": 33666, "total iter": 56, "msg rcv total": 5818, "msg sent total": 2909}, "my-scheduler-584c8c576b-lrmt2": {"avg time per iter": 583.3333333333334, "total time": 33250, "total iter": 56, "msg rcv total": 2909, "msg sent total": 2909}, "my-scheduler-584c8c576b-pmn9b": {"avg time per iter": 578.0701754385965, "total time": 32950, "total iter": 56, "msg rcv total": 5818, "msg sent total": 2909}, "my-scheduler-584c8c576b-sgdx7": {"avg time per iter": 580, "total time": 33060, "total iter": 56, "msg rcv total": 2909, "msg sent total": 2909}, "my-scheduler-584c8c576b-zqgnk": {"avg time per iter": 586.3508771929825, "total time": 33422, "total iter": 56, "msg rcv total": 5818, "msg sent total": 5704}, "my-controller": {}}, "3": {"my-scheduler-584c8c576b-8sb6r": {"avg time per iter": 583.0701754385965, "total time": 33235, "total iter": 56, "msg rcv total": 2909, "msg sent total": 2909}, "my-scheduler-584c8c576b-9pjvj": {"avg time per iter": 570.2456140350877, "total time": 32504, "total iter": 56, "msg rcv total": 2909, "msg sent total": 2909}, "my-scheduler-584c8c576b-cq4c8": {"avg time per iter": 591.2105263157895, "total time": 33699, "total iter": 56, "msg rcv total": 2795, "msg sent total": 5818}, "my-scheduler-584c8c576b-h4wxw": {"avg time per iter": 590.5087719298245, "total time": 33659, "total iter": 56, "msg rcv total": 2909, "msg sent total": 5818}, "my-scheduler-584c8c576b-ksd2k": {"avg time per iter": 587.9649122807018, "total time": 33514, "total iter": 56, "msg rcv total": 5818, "msg sent total": 2909}, "my-scheduler-584c8c576b-lrmt2": {"avg time per iter": 573.5438596491229, "total time": 32692, "total iter": 56, "msg rcv total": 2909, "msg sent total": 2909}, "my-scheduler-584c8c576b-pmn9b": {"avg time per iter": 589.7719298245614, "total time": 33617, "total iter": 56, "msg rcv total": 5818, "msg sent total": 2909}, "my-scheduler-584c8c576b-sgdx7": {"avg time per iter": 592.561403508772, "total time": 33776, "total iter": 56, "msg rcv total": 2909, "msg sent total": 2909}, "my-scheduler-584c8c576b-zqgnk": {"avg time per iter": 598.4035087719299, "total time": 34109, "total iter": 56, "msg rcv total": 5818, "msg sent total": 5704}, "my-controller": {}}, "4": {"my-scheduler-584c8c576b-8sb6r": {"avg time per iter": 581.1578947368421, "total time": 33126, "total iter": 56, "msg rcv total": 2909, "msg sent total": 2909}, "my-scheduler-584c8c576b-9pjvj": {"avg time per iter": 594.9473684210526, "total time": 33912, "total iter": 56, "msg rcv total": 2909, "msg sent total": 2909}, "my-scheduler-584c8c576b-cq4c8": {"avg time per iter": 596.9824561403509, "total time": 34028, "total iter": 56, "msg rcv total": 2795, "msg sent total": 5818}, "my-scheduler-584c8c576b-h4wxw": {"avg time per iter": 586.561403508772, "total time": 33434, "total iter": 56, "msg rcv total": 2909, "msg sent total": 5818}, "my-scheduler-584c8c576b-ksd2k": {"avg time per iter": 587.8771929824561, "total time": 33509, "total iter": 56, "msg rcv total": 5818, "msg sent total": 2909}, "my-scheduler-584c8c576b-lrmt2": {"avg time per iter": 587.6140350877193, "total time": 33494, "total iter": 56, "msg rcv total": 2909, "msg sent total": 2909}, "my-scheduler-584c8c576b-pmn9b": {"avg time per iter": 584.2105263157895, "total time": 33300, "total iter": 56, "msg rcv total": 5818, "msg sent total": 2909}, "my-scheduler-584c8c576b-sgdx7": {"avg time per iter": 585.438596491228, "total time": 33370, "total iter": 56, "msg rcv total": 2909, "msg sent total": 2909}, "my-scheduler-584c8c576b-zqgnk": {"avg time per iter": 593, "total time": 33801, "total iter": 56, "msg rcv total": 5818, "msg sent total": 5704}, "my-controller": {}}, "5": {"my-scheduler-584c8c576b-8sb6r": {"avg time per iter": 531.86, "total time": 26593, "total iter": 49, "msg rcv total": 2552, "msg sent total": 2552}, "my-scheduler-584c8c576b-9pjvj": {"avg time per iter": 544.74, "total time": 27237, "total iter": 49, "msg rcv total": 2552, "msg sent total": 2552}, "my-scheduler-584c8c576b-cq4c8": {"avg time per iter": 543.3, "total time": 27165,