{"0": {"my-scheduler-7478985f44-25wlt": {"got jobs": [], "initial w": -3.2199999668503203, "final w": -3.2199999668503203}, "my-scheduler-7478985f44-288w9": {"got jobs": [9], "initial w": 13.780000024538225, "final w": 4.780000024538225}, "my-scheduler-7478985f44-2pj6h": {"got jobs": [8], "initial w": 16.780000028201872, "final w": 8.780000028201872}, "my-scheduler-7478985f44-428mt": {"got jobs": [], "initial w": -0.21999994235445186, "final w": -0.21999994235445186}, "my-scheduler-7478985f44-4c988": {"got jobs": [19], "initial w": 20.78000000507938, "final w": 1.7800000050793798}, "my-scheduler-7478985f44-4cn9h": {"got jobs": [7], "initial w": 10.77999997712147, "final w": 3.77999997712147}, "my-scheduler-7478985f44-4ghkq": {"got jobs": [4], "initial w": 21.780000022385142, "final w": 17.780000022385142}, "my-scheduler-7478985f44-4ncqr": {"got jobs": [], "initial w": -3.2199999852467656, "final w": -3.2199999852467656}, "my-scheduler-7478985f44-4nxv7": {"got jobs": [16], "initial w": 19.779999942100257, "final w": 3.7799999421002575}, "my-scheduler-7478985f44-52l8g": {"got jobs": [], "initial w": -4.219999987343044, "final w": -4.219999987343044}, "my-scheduler-7478985f44-5bd4b": {"got jobs": [12], "initial w": 18.780000040519187, "final w": 6.780000040519187}, "my-scheduler-7478985f44-5ccsg": {"got jobs": [22], "initial w": 22.780000005217197, "final w": 0.7800000052171967}, "my-scheduler-7478985f44-5ddr7": {"got jobs": [5], "initial w": 14.779999992960601, "final w": 9.779999992960601}, "my-scheduler-7478985f44-5dtzh": {"got jobs": [7], "initial w": 7.780000050299517, "final w": 0.7800000502995168}, "my-scheduler-7478985f44-5f6jc": {"got jobs": [], "initial w": 4.779999993319635, "final w": 4.779999993319635}, "my-scheduler-7478985f44-5z7tj": {"got jobs": [4], "initial w": 16.779999984329237, "final w": 12.779999984329237}, "my-scheduler-7478985f44-6trqb": {"got jobs": [19], "initial w": 20.779999975259617, "final w": 1.7799999752596172}, "my-scheduler-7478985f44-6xvkk": {"got jobs": [13], "initial w": 20.779999982074067, "final w": 7.779999982074067}, "my-scheduler-7478985f44-6z2kq": {"got jobs": [12], "initial w": 12.780000009506843, "final w": 0.7800000095068427}, "my-scheduler-7478985f44-76n7v": {"got jobs": [5], "initial w": 12.779999988308603, "final w": 7.779999988308603}, "my-scheduler-7478985f44-7dk4f": {"got jobs": [9], "initial w": 9.780000006181869, "final w": 0.7800000061818686}, "my-scheduler-7478985f44-7htdx": {"got jobs": [21], "initial w": 21.780000019928384, "final w": 0.7800000199283836}, "my-scheduler-7478985f44-8l47j": {"got jobs": [3], "initial w": 11.779999956978699, "final w": 8.779999956978699}, "my-scheduler-7478985f44-975h2": {"got jobs": [14], "initial w": 15.780000053663425, "final w": 1.780000053663425}, "my-scheduler-7478985f44-98w9x": {"got jobs": [], "initial w": 22.779999922613417, "final w": 22.779999922613417}, "my-scheduler-7478985f44-9l2k5": {"got jobs": [19], "initial w": 19.779999956700323, "final w": 0.7799999567003226}, "my-scheduler-7478985f44-b6hjw": {"got jobs": [12], "initial w": 18.780000024567723, "final w": 6.780000024567723}, "my-scheduler-7478985f44-b7t6w": {"got jobs": [15], "initial w": 15.78000002949349, "final w": 0.7800000294934897}, "my-scheduler-7478985f44-bht6d": {"got jobs": [8], "initial w": 16.780000008029187, "final w": 8.780000008029187}, "my-scheduler-7478985f44-bhzw2": {"got jobs": [19], "initial w": 20.779999989985463, "final w": 1.7799999899854626}, "my-scheduler-7478985f44-bl9tl": {"got jobs": [7], "initial w": 14.780000006137428, "final w": 7.780000006137428}, "my-scheduler-7478985f44-c9m79": {"got jobs": [21], "initial w": 21.78000000471363, "final w": 0.7800000047136315}, "my-scheduler-7478985f44-cd5nc": {"got jobs": [2], "initial w": 3.780000042864682, "final w": 1.7800000428646818}, "my-scheduler-7478985f44-cdfxz": {"got jobs": [2], "initial w": 9.779999963243473, "final w": 7.779999963243473}, "my-scheduler-7478985f44-cdvfp": {"got jobs": [], "initial w": 5.780000033525049, "final w": 5.780000033525049}, "my-scheduler-7478985f44-ch9mt": {"got jobs": [8], "initial w": 8.779999992089937, "final w": 0.7799999920899374}, "my-scheduler-7478985f44-ckc2h": {"got jobs": [18], "initial w": 22.779999949688833, "final w": 4.779999949688833}, "my-scheduler-7478985f44-f22n7": {"got jobs": [3], "initial w": 5.7800000005021595, "final w": 2.7800000005021595}, "my-scheduler-7478985f44-f7tr5": {"got jobs": [15], "initial w": 16.78000002153279, "final w": 1.7800000215327891}, "my-scheduler-7478985f44-fcztq": {"got jobs": [9], "initial w": 13.779999998029378, "final w": 4.779999998029378}, "my-scheduler-7478985f44-fdvmh": {"got jobs": [4], "initial w": 13.779999972646333, "final w": 9.779999972646333}, "my-scheduler-7478985f44-flfrh": {"got jobs": [], "initial w": 1.7800000222538088, "final w": 1.7800000222538088}, "my-scheduler-7478985f44-fqkrn": {"got jobs": [], "initial w": -6.219999998538235, "final w": -6.219999998538235}, "my-scheduler-7478985f44-fv4rt": {"got jobs": [2], "initial w": 9.78000002747201, "final w": 7.78000002747201}, "my-scheduler-7478985f44-g494g": {"got jobs": [], "initial w": -2.220000018722672, "final w": -2.220000018722672}, "my-scheduler-7478985f44-g4bn8": {"got jobs": [4], "initial w": 5.780000020451553, "final w": 1.7800000204515527}, "my-scheduler-7478985f44-g5tg5": {"got jobs": [16], "initial w": 16.780000007672577, "final w": 0.7800000076725766}, "my-scheduler-7478985f44-gnlrs": {"got jobs": [6], "initial w": 10.77999999455843, "final w": 4.77999999455843}, "my-scheduler-7478985f44-h59qz": {"got jobs": [15], "initial w": 21.77999998136558, "final w": 6.779999981365581}, "my-scheduler-7478985f44-h9ltw": {"got jobs": [12], "initial w": 19.78000000270318, "final w": 7.780000002703179}, "my-scheduler-7478985f44-hc976": {"got jobs": [2], "initial w": 20.78000001534869, "final w": 18.78000001534869}, "my-scheduler-7478985f44-hdxvz": {"got jobs": [], "initial w": 14.779999971973222, "final w": 14.779999971973222}, "my-scheduler-7478985f44-hn276": {"got jobs": [10], "initial w": 16.780000043783605, "final w": 6.780000043783605}, "my-scheduler-7478985f44-j5fkg": {"got jobs": [3], "initial w": 17.77999999921689, "final w": 14.77999999921689}, "my-scheduler-7478985f44-j7ppk": {"got jobs": [11], "initial w": 17.780000009262494, "final w": 6.780000009262494}, "my-scheduler-7478985f44-j8gfs": {"got jobs": [5], "initial w": 16.780000012759434, "final w": 11.780000012759434}, "my-scheduler-7478985f44-jg546": {"got jobs": [2], "initial w": 2.78000000572413, "final w": 0.7800000057241299}, "my-scheduler-7478985f44-jjdlm": {"got jobs": [9], "initial w": 14.780000010213186, "final w": 5.780000010213186}, "my-scheduler-7478985f44-jq55z": {"got jobs": [], "initial w": 4.779999995912256, "final w": 4.779999995912256}, "my-scheduler-7478985f44-jxfz5": {"got jobs": [6], "initial w": 7.780000000364026, "final w": 1.7800000003640264}, "my-scheduler-7478985f44-khfwn": {"got jobs": [13], "initial w": 20.77999998253753, "final w": 7.779999982537529}, "my-scheduler-7478985f44-krstk": {"got jobs": [3], "initial w": 12.780000007593546, "final w": 9.780000007593546}, "my-scheduler-7478985f44-kw7mz": {"got jobs": [8], "initial w": 12.780000007437835, "final w": 4.780000007437835}, "my-scheduler-7478985f44-lwcrd": {"got jobs": [], "initial w": 22.780000041856827, "final w": 22.780000041856827}, "my-scheduler-7478985f44-m45vw": {"got jobs": [8], "initial w": 9.78000002017357, "final w": 1.7800000201735706}, "my-scheduler-7478985f44-m6lkc": {"got jobs": [], "initial w": -0.21999996857350723, "final w": -0.21999996857350723}, "my-scheduler-7478985f44-mb95l": {"got jobs": [8], "initial w": 12.779999971383205, "final w": 4.779999971383205}, "my-scheduler-7478985f44-mvj7w": {"got jobs": [9], "initial w": 15.780000014279114, "final w": 6.780000014279114}, "my-scheduler-7478985f44-mwltl": {"got jobs": [13], "initial w": 21.780000010007093, "final w": 8.780000010007093},