{"0": {"my-scheduler-5d979478ff-2khnk": {"setup time": 26.257486044, "avg time per iter": 6832.368421052632, "total time": 129815, "total iter": 18, "msg rcv total": 8739, "msg sent total": 16507}, "my-scheduler-5d979478ff-469g6": {"setup time": 22.957962607, "avg time per iter": 6927.526315789473, "total time": 131623, "total iter": 18, "msg rcv total": 10681, "msg sent total": 16507}, "my-scheduler-5d979478ff-4cbmh": {"setup time": 29.925768188, "avg time per iter": 7062.631578947368, "total time": 134190, "total iter": 18, "msg rcv total": 15536, "msg sent total": 16507}, "my-scheduler-5d979478ff-4lcgg": {"setup time": 32.786045239, "avg time per iter": 6534.0526315789475, "total time": 124147, "total iter": 18, "msg rcv total": 13594, "msg sent total": 15536}, "my-scheduler-5d979478ff-547lt": {"setup time": 31.410111603, "avg time per iter": 6519.684210526316, "total time": 123874, "total iter": 18, "msg rcv total": 10681, "msg sent total": 16507}, "my-scheduler-5d979478ff-54d24": {"setup time": 31.345618373, "avg time per iter": 6692.368421052632, "total time": 127155, "total iter": 18, "msg rcv total": 10681, "msg sent total": 15536}, "my-scheduler-5d979478ff-5qjck": {"setup time": 25.395108166, "avg time per iter": 6604.736842105263, "total time": 125490, "total iter": 18, "msg rcv total": 11652, "msg sent total": 26179}, "my-scheduler-5d979478ff-5sf46": {"setup time": 23.008637506, "avg time per iter": 6444.421052631579, "total time": 122444, "total iter": 18, "msg rcv total": 18449, "msg sent total": 17478}, "my-scheduler-5d979478ff-65knr": {"setup time": 24.422890956, "avg time per iter": 6522, "total time": 123918, "total iter": 18, "msg rcv total": 17478, "msg sent total": 17478}, "my-scheduler-5d979478ff-67h54": {"setup time": 32.970483366, "avg time per iter": 6553.368421052632, "total time": 124514, "total iter": 18, "msg rcv total": 13594, "msg sent total": 16507}, "my-scheduler-5d979478ff-6hcjz": {"setup time": 27.675617654, "avg time per iter": 7054.421052631579, "total time": 134034, "total iter": 18, "msg rcv total": 10681, "msg sent total": 14527}, "my-scheduler-5d979478ff-6hxr4": {"setup time": 24.03960385, "avg time per iter": 6558.578947368421, "total time": 124613, "total iter": 18, "msg rcv total": 18449, "msg sent total": 18449}, "my-scheduler-5d979478ff-6mqrv": {"setup time": 21.717896275, "avg time per iter": 7066.8421052631575, "total time": 134270, "total iter": 18, "msg rcv total": 12623, "msg sent total": 10681}, "my-scheduler-5d979478ff-6x2dj": {"setup time": 19.934034053, "avg time per iter": 6251.105263157895, "total time": 118771, "total iter": 18, "msg rcv total": 12623, "msg sent total": 6797}, "my-scheduler-5d979478ff-72nn9": {"setup time": 22.079688592, "avg time per iter": 6572.684210526316, "total time": 124881, "total iter": 18, "msg rcv total": 15536, "msg sent total": 15498}, "my-scheduler-5d979478ff-7g4hs": {"setup time": 25.836747486, "avg time per iter": 6974.210526315789, "total time": 132510, "total iter": 18, "msg rcv total": 10681, "msg sent total": 11652}, "my-scheduler-5d979478ff-7q9fl": {"setup time": 30.656664497, "avg time per iter": 6848.9473684210525, "total time": 130130, "total iter": 18, "msg rcv total": 18449, "msg sent total": 8739}, "my-scheduler-5d979478ff-84t9n": {"setup time": 20.276750807, "avg time per iter": 6822.0526315789475, "total time": 129619, "total iter": 18, "msg rcv total": 20391, "msg sent total": 13594}, "my-scheduler-5d979478ff-8dq7g": {"setup time": 31.463371705, "avg time per iter": 6424.894736842105, "total time": 122073, "total iter": 18, "msg rcv total": 14565, "msg sent total": 13594}, "my-scheduler-5d979478ff-8g9dz": {"setup time": 22.581508286000002, "avg time per iter": 6631.473684210527, "total time": 125998, "total iter": 18, "msg rcv total": 8739, "msg sent total": 13594}, "my-scheduler-5d979478ff-8qcww": {"setup time": 34.005823353, "avg time per iter": 6548.684210526316, "total time": 124425, "total iter": 18, "msg rcv total": 12623, "msg sent total": 9710}, "my-scheduler-5d979478ff-8t7z4": {"setup time": 29.940446003, "avg time per iter": 6543.684210526316, "total time": 124330, "total iter": 18, "msg rcv total": 10681, "msg sent total": 14565}, "my-scheduler-5d979478ff-9hmcr": {"setup time": 20.25235747, "avg time per iter": 7334.105263157895, "total time": 139348, "total iter": 18, "msg rcv total": 8739, "msg sent total": 18449}, "my-scheduler-5d979478ff-9nlt7": {"setup time": 21.297808643, "avg time per iter": 6666.105263157895, "total time": 126656, "total iter": 18, "msg rcv total": 18449, "msg sent total": 15536}, "my-scheduler-5d979478ff-9sd58": {"setup time": 25.724257395, "avg time per iter": 6673.9473684210525, "total time": 126805, "total iter": 18, "msg rcv total": 15536, "msg sent total": 8739}, "my-scheduler-5d979478ff-blcsg": {"setup time": 33.150466126, "avg time per iter": 6917.631578947368, "total time": 131435, "total iter": 18, "msg rcv total": 16507, "msg sent total": 16507}, "my-scheduler-5d979478ff-bmndr": {"setup time": 29.873246727, "avg time per iter": 7471.578947368421, "total time": 141960, "total iter": 18, "msg rcv total": 17478, "msg sent total": 24275}, "my-scheduler-5d979478ff-bt7xr": {"setup time": 23.043479433, "avg time per iter": 6698.368421052632, "total time": 127269, "total iter": 18, "msg rcv total": 15536, "msg sent total": 16469}, "my-scheduler-5d979478ff-bv94k": {"setup time": 31.335496472, "avg time per iter": 6316.210526315789, "total time": 120008, "total iter": 18, "msg rcv total": 12623, "msg sent total": 14527}, "my-scheduler-5d979478ff-bz2fq": {"setup time": 23.467454836, "avg time per iter": 6991.473684210527, "total time": 132838, "total iter": 18, "msg rcv total": 14565, "msg sent total": 20353}, "my-scheduler-5d979478ff-cf9n6": {"setup time": 25.916867527, "avg time per iter": 6378.526315789473, "total time": 121192, "total iter": 18, "msg rcv total": 15536, "msg sent total": 13594}, "my-scheduler-5d979478ff-ctfc9": {"setup time": 21.601266665, "avg time per iter": 6821.368421052632, "total time": 129606, "total iter": 18, "msg rcv total": 7768, "msg sent total": 13594}, "my-scheduler-5d979478ff-d7pql": {"setup time": 28.258119665, "avg time per iter": 6837.9473684210525, "total time": 129921, "total iter": 18, "msg rcv total": 15536, "msg sent total": 11652}, "my-scheduler-5d979478ff-dbcvg": {"setup time": 20.012543396, "avg time per iter": 7224.105263157895, "total time": 137258, "total iter": 18, "msg rcv total": 13594, "msg sent total": 13556}, "my-scheduler-5d979478ff-djhcn": {"setup time": 21.438569558, "avg time per iter": 6744.736842105263, "total time": 128150, "total iter": 18, "msg rcv total": 17478, "msg sent total": 16507}, "my-scheduler-5d979478ff-flknm": {"setup time": 32.787602768, "avg time per iter": 6718.526315789473, "total time": 127652, "total iter": 18, "msg rcv total": 18449, "msg sent total": 17440}, "my-scheduler-5d979478ff-fp26v": {"setup time": 29.109751165, "avg time per iter": 6649, "total time": 126331, "total iter": 18, "msg rcv total": 15536, "msg sent total": 13594}, "my-scheduler-5d979478ff-gc4b4": {"setup time": 25.7244483, "avg time per iter": 7008.8421052631575, "total time": 133168, "total iter": 18, "msg rcv total": 10681, "msg sent total": 10681}, "my-scheduler-5d979478ff-gdvfp": {"setup time": 31.342999186, "avg time per iter": 6715.631578947368, "total time": 127597, "total iter": 18, "msg rcv total": 19420, "msg sent total": 15498}, "my-scheduler-5d979478ff-gfmhw": {"setup time": 27.291363063, "avg time per iter": 5870.9473684210525, "total time": 111548, "total iter": 18, "msg rcv total": 16507, "msg sent total": 12623}, "my-scheduler-5d979478ff-gl2qx": {"setup time": 23.112632414, "avg time per iter": 6690.684210526316, "total time": 127123, "total iter": 18, "msg rcv total": 17478, "msg sent total": 15498}, "my-scheduler-5d979478ff-gn9ds": {"setup time": 20.373559315, "avg time per iter": 6575.631578947368, "total time": 124937, "total iter": 18,