{"0": {"my-scheduler-7478985f44-42gq8": {"got jobs": [], "initial w": 19.069999994291166, "final w": 19.069999994291166}, "my-scheduler-7478985f44-4bp28": {"got jobs": [], "initial w": 0.07000001695486091, "final w": 0.07000001695486091}, "my-scheduler-7478985f44-4tm2x": {"got jobs": [11], "initial w": 17.069999997604498, "final w": 6.069999997604498}, "my-scheduler-7478985f44-58jqr": {"got jobs": [8], "initial w": 21.070000014053285, "final w": 13.070000014053285}, "my-scheduler-7478985f44-58sfk": {"got jobs": [], "initial w": 17.06999999526203, "final w": 17.06999999526203}, "my-scheduler-7478985f44-5c6rg": {"got jobs": [14, 3], "initial w": 17.069999975504015, "final w": 0.0699999755040146}, "my-scheduler-7478985f44-5h5xb": {"got jobs": [17], "initial w": 20.070000027550297, "final w": 3.0700000275502966}, "my-scheduler-7478985f44-5n2fg": {"got jobs": [], "initial w": -3.930000021750729, "final w": -3.930000021750729}, "my-scheduler-7478985f44-65cpp": {"got jobs": [14], "initial w": 17.069999995015618, "final w": 3.0699999950156176}, "my-scheduler-7478985f44-6cqlb": {"got jobs": [], "initial w": 22.069999955021224, "final w": 22.069999955021224}, "my-scheduler-7478985f44-6hbcn": {"got jobs": [6], "initial w": 19.07000002873533, "final w": 13.070000028735329}, "my-scheduler-7478985f44-79flq": {"got jobs": [3], "initial w": 3.0700000203724755, "final w": 0.07000002037247555}, "my-scheduler-7478985f44-7dmrk": {"got jobs": [16], "initial w": 18.07000004810358, "final w": 2.07000004810358}, "my-scheduler-7478985f44-7lb8f": {"got jobs": [9], "initial w": 15.069999987206018, "final w": 6.0699999872060175}, "my-scheduler-7478985f44-7lths": {"got jobs": [22], "initial w": 22.07000000561216, "final w": 0.07000000561216169}, "my-scheduler-7478985f44-7nb4t": {"got jobs": [], "initial w": 21.07000000219169, "final w": 21.07000000219169}, "my-scheduler-7478985f44-7qrzx": {"got jobs": [15], "initial w": 21.06999999202099, "final w": 6.069999992020989}, "my-scheduler-7478985f44-7svkn": {"got jobs": [], "initial w": 20.06999999847203, "final w": 20.06999999847203}, "my-scheduler-7478985f44-7w2bn": {"got jobs": [], "initial w": 20.070000010480722, "final w": 20.070000010480722}, "my-scheduler-7478985f44-8htws": {"got jobs": [11, 3], "initial w": 21.07000001406147, "final w": 7.0700000140614705}, "my-scheduler-7478985f44-8kmgk": {"got jobs": [19], "initial w": 22.07000000254471, "final w": 3.0700000025447096}, "my-scheduler-7478985f44-8ppdt": {"got jobs": [11], "initial w": 16.069999960446445, "final w": 5.069999960446445}, "my-scheduler-7478985f44-9bqjd": {"got jobs": [15], "initial w": 20.070000012260014, "final w": 5.070000012260014}, "my-scheduler-7478985f44-9d6dt": {"got jobs": [5], "initial w": 8.069999993886967, "final w": 3.0699999938869666}, "my-scheduler-7478985f44-9hkqv": {"got jobs": [16], "initial w": 17.070000014644375, "final w": 1.0700000146443749}, "my-scheduler-7478985f44-9z8dw": {"got jobs": [18], "initial w": 21.069999960424965, "final w": 3.0699999604249655}, "my-scheduler-7478985f44-b5gr6": {"got jobs": [], "initial w": 5.0699999534137845, "final w": 5.0699999534137845}, "my-scheduler-7478985f44-bb5pt": {"got jobs": [], "initial w": 3.0699999843142862, "final w": 3.0699999843142862}, "my-scheduler-7478985f44-bqw4m": {"got jobs": [15], "initial w": 17.070000022086777, "final w": 2.070000022086777}, "my-scheduler-7478985f44-btrdk": {"got jobs": [2], "initial w": 4.069999963940848, "final w": 2.069999963940848}, "my-scheduler-7478985f44-c4hjh": {"got jobs": [], "initial w": 21.070000033250153, "final w": 21.070000033250153}, "my-scheduler-7478985f44-c8b6p": {"got jobs": [10], "initial w": 20.069999977493733, "final w": 10.069999977493733}, "my-scheduler-7478985f44-c8tp4": {"got jobs": [10], "initial w": 20.070000037061227, "final w": 10.070000037061227}, "my-scheduler-7478985f44-cp4h7": {"got jobs": [9], "initial w": 11.070000030732636, "final w": 2.0700000307326363}, "my-scheduler-7478985f44-d4kkn": {"got jobs": [14], "initial w": 15.070000031300438, "final w": 1.070000031300438}, "my-scheduler-7478985f44-d862s": {"got jobs": [], "initial w": -4.930000065175928, "final w": -4.930000065175928}, "my-scheduler-7478985f44-dt7dr": {"got jobs": [11], "initial w": 16.070000025128785, "final w": 5.070000025128785}, "my-scheduler-7478985f44-dwb42": {"got jobs": [6], "initial w": 16.07000000591311, "final w": 10.070000005913109}, "my-scheduler-7478985f44-f6554": {"got jobs": [], "initial w": 10.069999999882747, "final w": 10.069999999882747}, "my-scheduler-7478985f44-f99qk": {"got jobs": [], "initial w": 18.069999972665737, "final w": 18.069999972665737}, "my-scheduler-7478985f44-flrkx": {"got jobs": [], "initial w": 3.070000048918189, "final w": 3.070000048918189}, "my-scheduler-7478985f44-g2dbd": {"got jobs": [17], "initial w": 17.070000014663453, "final w": 0.07000001466345296}, "my-scheduler-7478985f44-g58kt": {"got jobs": [], "initial w": 16.06999996354208, "final w": 16.06999996354208}, "my-scheduler-7478985f44-g5j4h": {"got jobs": [], "initial w": 3.070000015448194, "final w": 3.070000015448194}, "my-scheduler-7478985f44-g7g58": {"got jobs": [18], "initial w": 18.069999974758566, "final w": 0.06999997475856645}, "my-scheduler-7478985f44-glv84": {"got jobs": [], "initial w": 7.0700000014747175, "final w": 7.0700000014747175}, "my-scheduler-7478985f44-gxnkr": {"got jobs": [19], "initial w": 22.069999982911458, "final w": 3.069999982911458}, "my-scheduler-7478985f44-h2mrn": {"got jobs": [], "initial w": 14.069999963174215, "final w": 14.069999963174215}, "my-scheduler-7478985f44-h8sxr": {"got jobs": [], "initial w": 18.070000002135057, "final w": 18.070000002135057}, "my-scheduler-7478985f44-hbk9n": {"got jobs": [], "initial w": 18.069999977172053, "final w": 18.069999977172053}, "my-scheduler-7478985f44-hfxgz": {"got jobs": [16], "initial w": 20.06999997334208, "final w": 4.069999973342082}, "my-scheduler-7478985f44-hhpnl": {"got jobs": [], "initial w": 19.070000017292504, "final w": 19.070000017292504}, "my-scheduler-7478985f44-jcwtl": {"got jobs": [1], "initial w": 3.070000011357209, "final w": 2.070000011357209}, "my-scheduler-7478985f44-jk6hm": {"got jobs": [10], "initial w": 14.070000007161429, "final w": 4.070000007161429}, "my-scheduler-7478985f44-jkxg7": {"got jobs": [20], "initial w": 22.069999980369673, "final w": 2.0699999803696727}, "my-scheduler-7478985f44-k2sdq": {"got jobs": [11], "initial w": 16.069999945559196, "final w": 5.069999945559196}, "my-scheduler-7478985f44-k9nhk": {"got jobs": [18], "initial w": 19.070000024223784, "final w": 1.0700000242237842}, "my-scheduler-7478985f44-kg2jm": {"got jobs": [], "initial w": 14.069999999890712, "final w": 14.069999999890712}, "my-scheduler-7478985f44-khlmp": {"got jobs": [], "initial w": 13.069999991613976, "final w": 13.069999991613976}, "my-scheduler-7478985f44-kkr4g": {"got jobs": [], "initial w": 19.07000000783502, "final w": 19.07000000783502}, "my-scheduler-7478985f44-ksm4g": {"got jobs": [2], "initial w": 10.069999996765603, "final w": 8.069999996765603}, "my-scheduler-7478985f44-l284w": {"got jobs": [9], "initial w": 13.069999999538055, "final w": 4.069999999538055}, "my-scheduler-7478985f44-l4h9h": {"got jobs": [20], "initial w": 21.070000004089643, "final w": 1.0700000040896427}, "my-scheduler-7478985f44-ld8kr": {"got jobs": [5], "initial w": 12.069999993968462, "final w": 7.069999993968462}, "my-scheduler-7478985f44-lrzhx": {"got jobs": [], "initial w": 17.069999969830445, "final w": 17.069999969830445}, "my-scheduler-7478985f44-lsfxt": {"got jobs": [9], "initial w": 19.0700000115846, "final w": 10.0700000115846}, "my-scheduler-7478985f44-lvlb7": {"got jobs": [1], "initial w": 5.06999999067132, "final w": 4.06999999067132}, "my-scheduler-7478985f44-m2cpf": {"got jobs": [19], "initial w": 22.069999979769094, "final w": 3.0699999797690936}, "my-scheduler-7478985f44-m4g8c": {"got jobs": [], "initial w": -5.929999958013177, "final w": -5.929999958013177},