{"0": {"my-scheduler-6f99ff999d-245dj": {"setup time": 29.814080414, "avg time per iter": 23386.8125, "total time": 374189, "total iter": 15, "msg rcv total": 13906, "msg sent total": 13906}, "my-scheduler-6f99ff999d-2fd29": {"setup time": 18.473247202, "avg time per iter": 23185.25, "total time": 370964, "total iter": 15, "msg rcv total": 7362, "msg sent total": 13056}, "my-scheduler-6f99ff999d-42kpt": {"setup time": 19.482180422, "avg time per iter": 23543.875, "total time": 376702, "total iter": 15, "msg rcv total": 7362, "msg sent total": 13056}, "my-scheduler-6f99ff999d-4c2p9": {"setup time": 24.682691325, "avg time per iter": 23578.9375, "total time": 377263, "total iter": 15, "msg rcv total": 17996, "msg sent total": 10634}, "my-scheduler-6f99ff999d-4k2jc": {"setup time": 25.982378757, "avg time per iter": 23835.6875, "total time": 381371, "total iter": 15, "msg rcv total": 13088, "msg sent total": 5726}, "my-scheduler-6f99ff999d-54ltf": {"setup time": 23.030114419, "avg time per iter": 22516.3125, "total time": 360261, "total iter": 15, "msg rcv total": 13906, "msg sent total": 13088}, "my-scheduler-6f99ff999d-59nbs": {"setup time": 21.842960990999998, "avg time per iter": 23531.25, "total time": 376500, "total iter": 15, "msg rcv total": 13088, "msg sent total": 13088}, "my-scheduler-6f99ff999d-5gcnv": {"setup time": 24.267887086, "avg time per iter": 23322.375, "total time": 373158, "total iter": 15, "msg rcv total": 21268, "msg sent total": 14724}, "my-scheduler-6f99ff999d-68mqb": {"setup time": 30.832673622, "avg time per iter": 23583.4375, "total time": 377335, "total iter": 15, "msg rcv total": 11452, "msg sent total": 14724}, "my-scheduler-6f99ff999d-6b9fn": {"setup time": 20.170759514, "avg time per iter": 23629.8125, "total time": 378077, "total iter": 15, "msg rcv total": 13088, "msg sent total": 13088}, "my-scheduler-6f99ff999d-6bb88": {"setup time": 18.075407595, "avg time per iter": 23037.5625, "total time": 368601, "total iter": 15, "msg rcv total": 12270, "msg sent total": 12270}, "my-scheduler-6f99ff999d-6dsd9": {"setup time": 20.51342322, "avg time per iter": 23852.75, "total time": 381644, "total iter": 15, "msg rcv total": 8998, "msg sent total": 14724}, "my-scheduler-6f99ff999d-6n4vt": {"setup time": 20.738645689, "avg time per iter": 23174.4375, "total time": 370791, "total iter": 15, "msg rcv total": 13906, "msg sent total": 8998}, "my-scheduler-6f99ff999d-6tdfl": {"setup time": 23.945231548, "avg time per iter": 23653, "total time": 378448, "total iter": 15, "msg rcv total": 13088, "msg sent total": 8998}, "my-scheduler-6f99ff999d-6vvpw": {"setup time": 23.210901341, "avg time per iter": 23305.75, "total time": 372892, "total iter": 15, "msg rcv total": 8180, "msg sent total": 8966}, "my-scheduler-6f99ff999d-6zswb": {"setup time": 26.501383365, "avg time per iter": 23824.0625, "total time": 381185, "total iter": 15, "msg rcv total": 10634, "msg sent total": 11452}, "my-scheduler-6f99ff999d-7b6xc": {"setup time": 28.395174548, "avg time per iter": 23860.375, "total time": 381766, "total iter": 15, "msg rcv total": 8998, "msg sent total": 8180}, "my-scheduler-6f99ff999d-86r4q": {"setup time": 19.986965031, "avg time per iter": 23373.375, "total time": 373974, "total iter": 15, "msg rcv total": 15542, "msg sent total": 7362}, "my-scheduler-6f99ff999d-8bnbh": {"setup time": 27.399830128, "avg time per iter": 23863.125, "total time": 381810, "total iter": 15, "msg rcv total": 8180, "msg sent total": 9816}, "my-scheduler-6f99ff999d-8ntkp": {"setup time": 22.074557225, "avg time per iter": 23887.6875, "total time": 382203, "total iter": 15, "msg rcv total": 14724, "msg sent total": 13906}, "my-scheduler-6f99ff999d-8sjls": {"setup time": 16.586359872, "avg time per iter": 23511.8125, "total time": 376189, "total iter": 15, "msg rcv total": 10634, "msg sent total": 10634}, "my-scheduler-6f99ff999d-95fgd": {"setup time": 19.327294496, "avg time per iter": 23028.625, "total time": 368458, "total iter": 15, "msg rcv total": 13906, "msg sent total": 6544}, "my-scheduler-6f99ff999d-99dq7": {"setup time": 27.787600359, "avg time per iter": 23872.1875, "total time": 381955, "total iter": 15, "msg rcv total": 12270, "msg sent total": 12270}, "my-scheduler-6f99ff999d-9cbg6": {"setup time": 26.099013808, "avg time per iter": 22744.3125, "total time": 363909, "total iter": 15, "msg rcv total": 12270, "msg sent total": 9816}, "my-scheduler-6f99ff999d-9xbll": {"setup time": 30.875418032, "avg time per iter": 23682.25, "total time": 378916, "total iter": 15, "msg rcv total": 10634, "msg sent total": 9816}, "my-scheduler-6f99ff999d-b2ft4": {"setup time": 25.201617269, "avg time per iter": 23592.5625, "total time": 377481, "total iter": 15, "msg rcv total": 11452, "msg sent total": 10634}, "my-scheduler-6f99ff999d-b59bj": {"setup time": 27.062358716, "avg time per iter": 23806.1875, "total time": 380899, "total iter": 15, "msg rcv total": 11452, "msg sent total": 13088}, "my-scheduler-6f99ff999d-b6cxf": {"setup time": 17.779516423, "avg time per iter": 23468, "total time": 375488, "total iter": 15, "msg rcv total": 8998, "msg sent total": 8180}, "my-scheduler-6f99ff999d-bg4l9": {"setup time": 26.388759557, "avg time per iter": 23501.0625, "total time": 376017, "total iter": 15, "msg rcv total": 9816, "msg sent total": 15542}, "my-scheduler-6f99ff999d-blg77": {"setup time": 27.690934504, "avg time per iter": 23587.8125, "total time": 377405, "total iter": 15, "msg rcv total": 7362, "msg sent total": 12270}, "my-scheduler-6f99ff999d-bnqw6": {"setup time": 23.494296087, "avg time per iter": 23585.25, "total time": 377364, "total iter": 15, "msg rcv total": 9816, "msg sent total": 12238}, "my-scheduler-6f99ff999d-bq4pj": {"setup time": 28.678734705, "avg time per iter": 23681.625, "total time": 378906, "total iter": 15, "msg rcv total": 7362, "msg sent total": 11452}, "my-scheduler-6f99ff999d-bxlqz": {"setup time": 22.102759673, "avg time per iter": 23551.125, "total time": 376818, "total iter": 15, "msg rcv total": 13088, "msg sent total": 7362}, "my-scheduler-6f99ff999d-csm8m": {"setup time": 19.310003342999998, "avg time per iter": 23425.4375, "total time": 374807, "total iter": 15, "msg rcv total": 13088, "msg sent total": 6544}, "my-scheduler-6f99ff999d-d2cwk": {"setup time": 25.727263196, "avg time per iter": 23193.875, "total time": 371102, "total iter": 15, "msg rcv total": 10634, "msg sent total": 13088}, "my-scheduler-6f99ff999d-dn6p7": {"setup time": 28.637607625, "avg time per iter": 23823.0625, "total time": 381169, "total iter": 15, "msg rcv total": 13088, "msg sent total": 9816}, "my-scheduler-6f99ff999d-flzlt": {"setup time": 17.617569473, "avg time per iter": 23605, "total time": 377680, "total iter": 15, "msg rcv total": 9816, "msg sent total": 11452}, "my-scheduler-6f99ff999d-fngfm": {"setup time": 31.145302296, "avg time per iter": 23662.3125, "total time": 378597, "total iter": 15, "msg rcv total": 12270, "msg sent total": 12270}, "my-scheduler-6f99ff999d-fxk9n": {"setup time": 29.756119782, "avg time per iter": 23886.8125, "total time": 382189, "total iter": 15, "msg rcv total": 14724, "msg sent total": 5726}, "my-scheduler-6f99ff999d-g5c7z": {"setup time": 20.753246159, "avg time per iter": 23513.125, "total time": 376210, "total iter": 15, "msg rcv total": 4908, "msg sent total": 8148}, "my-scheduler-6f99ff999d-g8wnf": {"setup time": 27.296100934, "avg time per iter": 23742.875, "total time": 379886, "total iter": 15, "msg rcv total": 11452, "msg sent total": 12270}, "my-scheduler-6f99ff999d-gllzp": {"setup time": 21.499701368, "avg time per iter": 23516.6875, "total time": 376267, "total iter": 15, "msg rcv total": 13088, "msg sent total": 10634}, "my-scheduler-6f99ff999d-gzt6c": {"setup time": 28.779084212, "avg time per iter": 23598.0625, "total time": 377569, "total iter": 15, "msg rcv total": 17996, "msg sent total": 12238}, "my-scheduler-6f99ff999d-hmt6j": {"setup time": 17.251724278, "avg time per iter": 23014.375,