{"0": {"my-scheduler-6f99ff999d-2j894": {"setup time": 22.487542311, "avg time per iter": 24631, "total time": 394096, "total iter": 15, "msg rcv total": 11452, "msg sent total": 17146}, "my-scheduler-6f99ff999d-2qgwx": {"setup time": 17.505217398, "avg time per iter": 24300.0625, "total time": 388801, "total iter": 15, "msg rcv total": 10634, "msg sent total": 13088}, "my-scheduler-6f99ff999d-4hfdk": {"setup time": 23.372640216, "avg time per iter": 24712.4375, "total time": 395399, "total iter": 15, "msg rcv total": 14934, "msg sent total": 8998}, "my-scheduler-6f99ff999d-4wtdg": {"setup time": 11.94663807, "avg time per iter": 23551.9375, "total time": 376831, "total iter": 15, "msg rcv total": 15542, "msg sent total": 7362}, "my-scheduler-6f99ff999d-5b4bw": {"setup time": 19.682609459, "avg time per iter": 24312.9375, "total time": 389007, "total iter": 15, "msg rcv total": 8180, "msg sent total": 9816}, "my-scheduler-6f99ff999d-5mzlg": {"setup time": 17.365236082, "avg time per iter": 24318.625, "total time": 389098, "total iter": 15, "msg rcv total": 11452, "msg sent total": 10634}, "my-scheduler-6f99ff999d-5vgmt": {"setup time": 13.840682657, "avg time per iter": 24360.375, "total time": 389766, "total iter": 15, "msg rcv total": 16360, "msg sent total": 13088}, "my-scheduler-6f99ff999d-5zts8": {"setup time": 22.294979928, "avg time per iter": 24661.375, "total time": 394582, "total iter": 15, "msg rcv total": 9816, "msg sent total": 14724}, "my-scheduler-6f99ff999d-64bqk": {"setup time": 22.043572865, "avg time per iter": 24409.875, "total time": 390558, "total iter": 15, "msg rcv total": 17178, "msg sent total": 8148}, "my-scheduler-6f99ff999d-64hjx": {"setup time": 13.256861056, "avg time per iter": 24169.6875, "total time": 386715, "total iter": 15, "msg rcv total": 10634, "msg sent total": 15542}, "my-scheduler-6f99ff999d-69cwd": {"setup time": 23.026001137, "avg time per iter": 24489.1875, "total time": 391827, "total iter": 15, "msg rcv total": 12270, "msg sent total": 12270}, "my-scheduler-6f99ff999d-6fvxb": {"setup time": 11.191529663, "avg time per iter": 24447.625, "total time": 391162, "total iter": 15, "msg rcv total": 13088, "msg sent total": 6544}, "my-scheduler-6f99ff999d-6h257": {"setup time": 11.633614555, "avg time per iter": 24358.3125, "total time": 389733, "total iter": 15, "msg rcv total": 13906, "msg sent total": 6544}, "my-scheduler-6f99ff999d-6hl8s": {"setup time": 14.736913768, "avg time per iter": 24580.875, "total time": 393294, "total iter": 15, "msg rcv total": 8998, "msg sent total": 11452}, "my-scheduler-6f99ff999d-6jjqt": {"setup time": 9.912252953, "avg time per iter": 23815.3125, "total time": 381045, "total iter": 15, "msg rcv total": 17996, "msg sent total": 17178}, "my-scheduler-6f99ff999d-6mz2t": {"setup time": 12.386710489, "avg time per iter": 24349.0625, "total time": 389585, "total iter": 15, "msg rcv total": 8998, "msg sent total": 14724}, "my-scheduler-6f99ff999d-6sxs5": {"setup time": 11.819994249, "avg time per iter": 24582.3125, "total time": 393317, "total iter": 15, "msg rcv total": 7362, "msg sent total": 13056}, "my-scheduler-6f99ff999d-7l9tr": {"setup time": 12.459423291, "avg time per iter": 24220.9375, "total time": 387535, "total iter": 15, "msg rcv total": 14724, "msg sent total": 8998}, "my-scheduler-6f99ff999d-7rps9": {"setup time": 16.525349374, "avg time per iter": 24467.3125, "total time": 391477, "total iter": 15, "msg rcv total": 17996, "msg sent total": 10634}, "my-scheduler-6f99ff999d-7wbvb": {"setup time": 20.478891297, "avg time per iter": 24258.25, "total time": 388132, "total iter": 15, "msg rcv total": 13088, "msg sent total": 13088}, "my-scheduler-6f99ff999d-8gvbf": {"setup time": 16.525375322, "avg time per iter": 23984.25, "total time": 383748, "total iter": 15, "msg rcv total": 13906, "msg sent total": 14724}, "my-scheduler-6f99ff999d-8lnbz": {"setup time": 21.620779143, "avg time per iter": 24532.0625, "total time": 392513, "total iter": 15, "msg rcv total": 14724, "msg sent total": 5726}, "my-scheduler-6f99ff999d-8mb55": {"setup time": 10.465834025, "avg time per iter": 23832.9375, "total time": 381327, "total iter": 15, "msg rcv total": 9816, "msg sent total": 12270}, "my-scheduler-6f99ff999d-8vs2x": {"setup time": 12.630074774, "avg time per iter": 23885.875, "total time": 382174, "total iter": 15, "msg rcv total": 9816, "msg sent total": 17996}, "my-scheduler-6f99ff999d-9vqlg": {"setup time": 21.320413783, "avg time per iter": 23818.9375, "total time": 381103, "total iter": 15, "msg rcv total": 13906, "msg sent total": 17964}, "my-scheduler-6f99ff999d-bbcmr": {"setup time": 10.861736383, "avg time per iter": 23952.5625, "total time": 383241, "total iter": 15, "msg rcv total": 11452, "msg sent total": 13088}, "my-scheduler-6f99ff999d-c5xfn": {"setup time": 13.481127107, "avg time per iter": 24392.5, "total time": 390280, "total iter": 15, "msg rcv total": 11452, "msg sent total": 17178}, "my-scheduler-6f99ff999d-d2tjp": {"setup time": 13.385391048, "avg time per iter": 24211.1875, "total time": 387379, "total iter": 15, "msg rcv total": 13088, "msg sent total": 10634}, "my-scheduler-6f99ff999d-d7kj4": {"setup time": 18.774399973, "avg time per iter": 24464.0625, "total time": 391425, "total iter": 15, "msg rcv total": 13906, "msg sent total": 13088}, "my-scheduler-6f99ff999d-dgkqd": {"setup time": 13.191630271, "avg time per iter": 24026.25, "total time": 384420, "total iter": 15, "msg rcv total": 4908, "msg sent total": 8148}, "my-scheduler-6f99ff999d-dlgxh": {"setup time": 20.416228793, "avg time per iter": 24560.25, "total time": 392964, "total iter": 15, "msg rcv total": 13088, "msg sent total": 17146}, "my-scheduler-6f99ff999d-dvhp9": {"setup time": 23.14201429, "avg time per iter": 24596.3125, "total time": 393541, "total iter": 15, "msg rcv total": 12270, "msg sent total": 12270}, "my-scheduler-6f99ff999d-fjmfb": {"setup time": 9.318108568, "avg time per iter": 24217.1875, "total time": 387475, "total iter": 15, "msg rcv total": 13906, "msg sent total": 11452}, "my-scheduler-6f99ff999d-ftqxs": {"setup time": 17.823596504, "avg time per iter": 24417.25, "total time": 390676, "total iter": 15, "msg rcv total": 14724, "msg sent total": 18814}, "my-scheduler-6f99ff999d-fxlm2": {"setup time": 18.383709838, "avg time per iter": 24075.125, "total time": 385202, "total iter": 15, "msg rcv total": 12270, "msg sent total": 9816}, "my-scheduler-6f99ff999d-fzq45": {"setup time": 9.042287321, "avg time per iter": 24616.75, "total time": 393868, "total iter": 15, "msg rcv total": 10634, "msg sent total": 10634}, "my-scheduler-6f99ff999d-gvcbm": {"setup time": 17.847774112, "avg time per iter": 23957.9375, "total time": 383327, "total iter": 15, "msg rcv total": 13088, "msg sent total": 5726}, "my-scheduler-6f99ff999d-gwrrb": {"setup time": 12.065056312, "avg time per iter": 24438.1875, "total time": 391011, "total iter": 15, "msg rcv total": 13088, "msg sent total": 13088}, "my-scheduler-6f99ff999d-gxb66": {"setup time": 20.847835195000002, "avg time per iter": 24439.625, "total time": 391034, "total iter": 15, "msg rcv total": 7362, "msg sent total": 11452}, "my-scheduler-6f99ff999d-h6hfk": {"setup time": 20.009834571, "avg time per iter": 24428.5, "total time": 390856, "total iter": 15, "msg rcv total": 12270, "msg sent total": 12270}, "my-scheduler-6f99ff999d-h98sz": {"setup time": 19.082392142, "avg time per iter": 23921.8125, "total time": 382749, "total iter": 15, "msg rcv total": 16360, "msg sent total": 12270}, "my-scheduler-6f99ff999d-j2ct6": {"setup time": 12.952517637, "avg time per iter": 24067.125, "total time": 385074, "total iter": 15, "msg rcv total": 13906, "msg sent total": 8998}, "my-scheduler-6f99ff999d-jfjb4": {"setup time": 9.518350265, "avg time per iter": 24110.1875, "total time": 385763, "total iter": 15, "msg rcv total": 11452, "msg sent total": 17146}, "my-scheduler-6f99ff999d-k2vnd": {"setup time": 10.321597821,