{"0": {"my-scheduler-6d787b9bfc-2dbsl": {"setup time": 25.6710354, "avg time per iter": 6471.894736842105, "total time": 122966, "total iter": 18, "msg rcv total": 9710, "msg sent total": 16507}, "my-scheduler-6d787b9bfc-2g7fp": {"setup time": 20.640705462, "avg time per iter": 6306.631578947368, "total time": 119826, "total iter": 18, "msg rcv total": 16507, "msg sent total": 13594}, "my-scheduler-6d787b9bfc-2xnzb": {"setup time": 23.606747386, "avg time per iter": 6897.263157894737, "total time": 131048, "total iter": 18, "msg rcv total": 9710, "msg sent total": 13594}, "my-scheduler-6d787b9bfc-2xqvx": {"setup time": 20.18269036, "avg time per iter": 6044.8421052631575, "total time": 114852, "total iter": 18, "msg rcv total": 12623, "msg sent total": 11614}, "my-scheduler-6d787b9bfc-47dmz": {"setup time": 27.31304078, "avg time per iter": 6622.8421052631575, "total time": 125834, "total iter": 18, "msg rcv total": 8739, "msg sent total": 10681}, "my-scheduler-6d787b9bfc-47prt": {"setup time": 21.681602735, "avg time per iter": 6829.421052631579, "total time": 129759, "total iter": 18, "msg rcv total": 14565, "msg sent total": 15498}, "my-scheduler-6d787b9bfc-4d5q2": {"setup time": 33.356513143, "avg time per iter": 7004.368421052632, "total time": 133083, "total iter": 18, "msg rcv total": 20391, "msg sent total": 17478}, "my-scheduler-6d787b9bfc-4hxjp": {"setup time": 24.971418995, "avg time per iter": 6176.894736842105, "total time": 117361, "total iter": 18, "msg rcv total": 15536, "msg sent total": 12623}, "my-scheduler-6d787b9bfc-4wc56": {"setup time": 21.489918141, "avg time per iter": 6283.578947368421, "total time": 119388, "total iter": 18, "msg rcv total": 15536, "msg sent total": 13594}, "my-scheduler-6d787b9bfc-4xzhl": {"setup time": 19.734731421, "avg time per iter": 6161.105263157895, "total time": 117061, "total iter": 18, "msg rcv total": 12623, "msg sent total": 14565}, "my-scheduler-6d787b9bfc-558dc": {"setup time": 18.22732527, "avg time per iter": 6301.8421052631575, "total time": 119735, "total iter": 18, "msg rcv total": 8739, "msg sent total": 15536}, "my-scheduler-6d787b9bfc-5fqch": {"setup time": 17.698918478, "avg time per iter": 5987.736842105263, "total time": 113767, "total iter": 18, "msg rcv total": 15536, "msg sent total": 13594}, "my-scheduler-6d787b9bfc-5m2xg": {"setup time": 30.012683139, "avg time per iter": 5749.684210526316, "total time": 109244, "total iter": 18, "msg rcv total": 13594, "msg sent total": 14565}, "my-scheduler-6d787b9bfc-69t7w": {"setup time": 31.873882753, "avg time per iter": 6803.105263157895, "total time": 129259, "total iter": 18, "msg rcv total": 20391, "msg sent total": 22333}, "my-scheduler-6d787b9bfc-6kjkr": {"setup time": 20.123473274, "avg time per iter": 6934.0526315789475, "total time": 131747, "total iter": 18, "msg rcv total": 15536, "msg sent total": 17478}, "my-scheduler-6d787b9bfc-6s5kw": {"setup time": 24.328543232, "avg time per iter": 6385, "total time": 121315, "total iter": 18, "msg rcv total": 11652, "msg sent total": 20391}, "my-scheduler-6d787b9bfc-6sjqr": {"setup time": 23.070450865, "avg time per iter": 6608.684210526316, "total time": 125565, "total iter": 18, "msg rcv total": 11652, "msg sent total": 14565}, "my-scheduler-6d787b9bfc-6vkgk": {"setup time": 32.308384718, "avg time per iter": 5824.210526315789, "total time": 110660, "total iter": 18, "msg rcv total": 15536, "msg sent total": 14565}, "my-scheduler-6d787b9bfc-87smt": {"setup time": 33.036870755, "avg time per iter": 5991.526315789473, "total time": 113839, "total iter": 18, "msg rcv total": 14565, "msg sent total": 18449}, "my-scheduler-6d787b9bfc-8gvgg": {"setup time": 27.146895476, "avg time per iter": 5676.210526315789, "total time": 107848, "total iter": 18, "msg rcv total": 8739, "msg sent total": 15536}, "my-scheduler-6d787b9bfc-8tb2r": {"setup time": 28.547507913, "avg time per iter": 5845.368421052632, "total time": 111062, "total iter": 18, "msg rcv total": 15536, "msg sent total": 14565}, "my-scheduler-6d787b9bfc-969fd": {"setup time": 29.365148433, "avg time per iter": 5800.210526315789, "total time": 110204, "total iter": 18, "msg rcv total": 12623, "msg sent total": 21362}, "my-scheduler-6d787b9bfc-97z7z": {"setup time": 24.196378382, "avg time per iter": 5648.578947368421, "total time": 107323, "total iter": 18, "msg rcv total": 14565, "msg sent total": 18411}, "my-scheduler-6d787b9bfc-9kbjq": {"setup time": 18.594025414, "avg time per iter": 6815.105263157895, "total time": 129487, "total iter": 18, "msg rcv total": 16507, "msg sent total": 19420}, "my-scheduler-6d787b9bfc-9mckw": {"setup time": 19.302708942, "avg time per iter": 6060.631578947368, "total time": 115152, "total iter": 18, "msg rcv total": 12623, "msg sent total": 21362}, "my-scheduler-6d787b9bfc-9s9fd": {"setup time": 21.829513909, "avg time per iter": 6564.526315789473, "total time": 124726, "total iter": 18, "msg rcv total": 10681, "msg sent total": 12623}, "my-scheduler-6d787b9bfc-9t8mg": {"setup time": 21.338124209, "avg time per iter": 6617.473684210527, "total time": 125732, "total iter": 18, "msg rcv total": 14565, "msg sent total": 17478}, "my-scheduler-6d787b9bfc-9x256": {"setup time": 27.560793738, "avg time per iter": 6983.315789473684, "total time": 132683, "total iter": 18, "msg rcv total": 15536, "msg sent total": 8739}, "my-scheduler-6d787b9bfc-bbmcc": {"setup time": 29.85893979, "avg time per iter": 5505.736842105263, "total time": 104609, "total iter": 18, "msg rcv total": 12623, "msg sent total": 16507}, "my-scheduler-6d787b9bfc-blzc8": {"setup time": 20.693563217, "avg time per iter": 6274.473684210527, "total time": 119215, "total iter": 18, "msg rcv total": 20391, "msg sent total": 15536}, "my-scheduler-6d787b9bfc-bs7v5": {"setup time": 25.36103226, "avg time per iter": 6470.736842105263, "total time": 122944, "total iter": 18, "msg rcv total": 16507, "msg sent total": 15536}, "my-scheduler-6d787b9bfc-c2vll": {"setup time": 22.777647427, "avg time per iter": 5903.105263157895, "total time": 112159, "total iter": 18, "msg rcv total": 22333, "msg sent total": 8739}, "my-scheduler-6d787b9bfc-cqdxq": {"setup time": 30.899112056, "avg time per iter": 5835.0526315789475, "total time": 110866, "total iter": 18, "msg rcv total": 12623, "msg sent total": 19420}, "my-scheduler-6d787b9bfc-cx5qg": {"setup time": 28.290752266, "avg time per iter": 5609.789473684211, "total time": 106586, "total iter": 18, "msg rcv total": 15536, "msg sent total": 16507}, "my-scheduler-6d787b9bfc-dlj4w": {"setup time": 26.399563787, "avg time per iter": 6883.526315789473, "total time": 130787, "total iter": 18, "msg rcv total": 18449, "msg sent total": 11652}, "my-scheduler-6d787b9bfc-drlw2": {"setup time": 17.818934477, "avg time per iter": 6824.1578947368425, "total time": 129659, "total iter": 18, "msg rcv total": 13594, "msg sent total": 15536}, "my-scheduler-6d787b9bfc-f8fqt": {"setup time": 22.118732727, "avg time per iter": 6044.210526315789, "total time": 114840, "total iter": 18, "msg rcv total": 17478, "msg sent total": 15536}, "my-scheduler-6d787b9bfc-fg2zq": {"setup time": 16.954941607, "avg time per iter": 6816.0526315789475, "total time": 129505, "total iter": 18, "msg rcv total": 14565, "msg sent total": 13594}, "my-scheduler-6d787b9bfc-fl8pp": {"setup time": 19.254591468, "avg time per iter": 6353.263157894737, "total time": 120712, "total iter": 18, "msg rcv total": 17478, "msg sent total": 10681}, "my-scheduler-6d787b9bfc-gdqlc": {"setup time": 27.719296689, "avg time per iter": 6289.8421052631575, "total time": 119507, "total iter": 18, "msg rcv total": 14565, "msg sent total": 16507}, "my-scheduler-6d787b9bfc-ggmnx": {"setup time": 28.376150766, "avg time per iter": 5873.315789473684, "total time": 111593, "total iter": 18, "msg rcv total": 10681, "msg sent total": 10643}, "my-scheduler-6d787b9bfc-ghfsd": {"setup time": 30.00108556, "avg time per iter": 5701.263157894737, "total time": 108324, "total iter": 18,