{"0": {"my-scheduler-6f99ff999d-25w2b": {"setup time": 29.982115327, "avg time per iter": 35122.9375, "total time": 561967, "total iter": 15, "msg rcv total": 17178, "msg sent total": 8148}, "my-scheduler-6f99ff999d-28plh": {"setup time": 20.649442021, "avg time per iter": 35389.9375, "total time": 566239, "total iter": 15, "msg rcv total": 13906, "msg sent total": 8998}, "my-scheduler-6f99ff999d-28vc9": {"setup time": 27.184984832, "avg time per iter": 34907.1875, "total time": 558515, "total iter": 15, "msg rcv total": 11452, "msg sent total": 12270}, "my-scheduler-6f99ff999d-29qwm": {"setup time": 28.682404603, "avg time per iter": 34924.125, "total time": 558786, "total iter": 15, "msg rcv total": 7362, "msg sent total": 11452}, "my-scheduler-6f99ff999d-2c5p6": {"setup time": 30.386258798, "avg time per iter": 35413.3125, "total time": 566613, "total iter": 15, "msg rcv total": 11452, "msg sent total": 17146}, "my-scheduler-6f99ff999d-4l58z": {"setup time": 25.045120534, "avg time per iter": 34762.0625, "total time": 556193, "total iter": 15, "msg rcv total": 10634, "msg sent total": 16328}, "my-scheduler-6f99ff999d-4lzq5": {"setup time": 20.319332453, "avg time per iter": 35299.9375, "total time": 564799, "total iter": 15, "msg rcv total": 12270, "msg sent total": 13056}, "my-scheduler-6f99ff999d-56dhv": {"setup time": 28.04615025, "avg time per iter": 34553.9375, "total time": 552863, "total iter": 15, "msg rcv total": 13088, "msg sent total": 15542}, "my-scheduler-6f99ff999d-5cvl6": {"setup time": 24.288062761, "avg time per iter": 34786.25, "total time": 556580, "total iter": 15, "msg rcv total": 4908, "msg sent total": 10634}, "my-scheduler-6f99ff999d-5pbvj": {"setup time": 25.266819481, "avg time per iter": 34884.8125, "total time": 558157, "total iter": 15, "msg rcv total": 11452, "msg sent total": 10634}, "my-scheduler-6f99ff999d-5pjb7": {"setup time": 20.436793315, "avg time per iter": 35089.375, "total time": 561430, "total iter": 15, "msg rcv total": 14724, "msg sent total": 8998}, "my-scheduler-6f99ff999d-6fp25": {"setup time": 17.820699898, "avg time per iter": 34433.1875, "total time": 550931, "total iter": 15, "msg rcv total": 8998, "msg sent total": 8180}, "my-scheduler-6f99ff999d-6j5cr": {"setup time": 17.418512523, "avg time per iter": 34743.6875, "total time": 555899, "total iter": 15, "msg rcv total": 13906, "msg sent total": 11452}, "my-scheduler-6f99ff999d-6jrm9": {"setup time": 21.230023625, "avg time per iter": 35390.4375, "total time": 566247, "total iter": 15, "msg rcv total": 10634, "msg sent total": 15542}, "my-scheduler-6f99ff999d-6p9b7": {"setup time": 26.097034177, "avg time per iter": 34859.5625, "total time": 557753, "total iter": 15, "msg rcv total": 13906, "msg sent total": 8966}, "my-scheduler-6f99ff999d-6rr5t": {"setup time": 20.743804776, "avg time per iter": 34762.0625, "total time": 556193, "total iter": 15, "msg rcv total": 4908, "msg sent total": 8148}, "my-scheduler-6f99ff999d-74snm": {"setup time": 26.881995426, "avg time per iter": 35019.8125, "total time": 560317, "total iter": 15, "msg rcv total": 11452, "msg sent total": 13088}, "my-scheduler-6f99ff999d-8dbws": {"setup time": 26.580813011, "avg time per iter": 34751.5625, "total time": 556025, "total iter": 15, "msg rcv total": 10634, "msg sent total": 11452}, "my-scheduler-6f99ff999d-8k9gj": {"setup time": 30.663518699, "avg time per iter": 35321.5625, "total time": 565145, "total iter": 15, "msg rcv total": 10634, "msg sent total": 9816}, "my-scheduler-6f99ff999d-8t7jp": {"setup time": 26.320092251, "avg time per iter": 34915.5625, "total time": 558649, "total iter": 15, "msg rcv total": 9816, "msg sent total": 15542}, "my-scheduler-6f99ff999d-8zk78": {"setup time": 29.218145411, "avg time per iter": 34707.9375, "total time": 555327, "total iter": 15, "msg rcv total": 13906, "msg sent total": 13088}, "my-scheduler-6f99ff999d-92hdh": {"setup time": 23.41797543, "avg time per iter": 35496.5, "total time": 567944, "total iter": 15, "msg rcv total": 15542, "msg sent total": 13906}, "my-scheduler-6f99ff999d-966nt": {"setup time": 23.200768128, "avg time per iter": 35423.9375, "total time": 566783, "total iter": 15, "msg rcv total": 11452, "msg sent total": 13906}, "my-scheduler-6f99ff999d-9krfd": {"setup time": 24.005031572, "avg time per iter": 34490.3125, "total time": 551845, "total iter": 15, "msg rcv total": 13088, "msg sent total": 8998}, "my-scheduler-6f99ff999d-bp99h": {"setup time": 23.403046187, "avg time per iter": 35086.5625, "total time": 561385, "total iter": 15, "msg rcv total": 9816, "msg sent total": 12238}, "my-scheduler-6f99ff999d-ccrh4": {"setup time": 17.88380548, "avg time per iter": 35145.75, "total time": 562332, "total iter": 15, "msg rcv total": 11452, "msg sent total": 13906}, "my-scheduler-6f99ff999d-cdm6b": {"setup time": 17.856029776, "avg time per iter": 34734.1875, "total time": 555747, "total iter": 15, "msg rcv total": 17996, "msg sent total": 17178}, "my-scheduler-6f99ff999d-cpbgx": {"setup time": 25.620324593, "avg time per iter": 34788.5, "total time": 556616, "total iter": 15, "msg rcv total": 9816, "msg sent total": 8998}, "my-scheduler-6f99ff999d-cpssd": {"setup time": 18.591103606, "avg time per iter": 34581.3125, "total time": 553301, "total iter": 15, "msg rcv total": 7362, "msg sent total": 13056}, "my-scheduler-6f99ff999d-cvzgj": {"setup time": 30.579824341, "avg time per iter": 35388.875, "total time": 566222, "total iter": 15, "msg rcv total": 11452, "msg sent total": 14724}, "my-scheduler-6f99ff999d-d62dj": {"setup time": 22.083571105, "avg time per iter": 35077.9375, "total time": 561247, "total iter": 15, "msg rcv total": 13088, "msg sent total": 7362}, "my-scheduler-6f99ff999d-dms87": {"setup time": 21.603944447, "avg time per iter": 35320.375, "total time": 565126, "total iter": 15, "msg rcv total": 11452, "msg sent total": 17178}, "my-scheduler-6f99ff999d-dngbm": {"setup time": 21.765961314, "avg time per iter": 35250.75, "total time": 564012, "total iter": 15, "msg rcv total": 14724, "msg sent total": 13906}, "my-scheduler-6f99ff999d-f728v": {"setup time": 24.755555076, "avg time per iter": 34913.75, "total time": 558620, "total iter": 15, "msg rcv total": 14724, "msg sent total": 11452}, "my-scheduler-6f99ff999d-flx9x": {"setup time": 20.488525312, "avg time per iter": 35245.8125, "total time": 563933, "total iter": 15, "msg rcv total": 9816, "msg sent total": 17996}, "my-scheduler-6f99ff999d-fxqtj": {"setup time": 18.190094275, "avg time per iter": 35093.5625, "total time": 561497, "total iter": 15, "msg rcv total": 9816, "msg sent total": 12270}, "my-scheduler-6f99ff999d-ghlz6": {"setup time": 21.347346471, "avg time per iter": 35238.8125, "total time": 563821, "total iter": 15, "msg rcv total": 13906, "msg sent total": 10634}, "my-scheduler-6f99ff999d-gpvpp": {"setup time": 28.308615006, "avg time per iter": 34891.125, "total time": 558258, "total iter": 15, "msg rcv total": 13088, "msg sent total": 9816}, "my-scheduler-6f99ff999d-grsxk": {"setup time": 25.559767599, "avg time per iter": 35003.125, "total time": 560050, "total iter": 15, "msg rcv total": 10634, "msg sent total": 13088}, "my-scheduler-6f99ff999d-gv5n8": {"setup time": 23.757280825, "avg time per iter": 35469, "total time": 567504, "total iter": 15, "msg rcv total": 12270, "msg sent total": 9816}, "my-scheduler-6f99ff999d-gxlxc": {"setup time": 24.269370182, "avg time per iter": 34506.4375, "total time": 552103, "total iter": 15, "msg rcv total": 10634, "msg sent total": 9816}, "my-scheduler-6f99ff999d-h4s6s": {"setup time": 27.875863991, "avg time per iter": 35146.9375, "total time": 562351, "total iter": 15, "msg rcv total": 12270, "msg sent total": 12270}, "my-scheduler-6f99ff999d-h9hzf": {"setup time": 21.716730413, "avg time per iter": 35278.625, "total time": 564458, "total iter": 15, "msg rcv total": 16360, "msg sent total": 13088}, "my-scheduler-6f99ff999d-hg428": {"setup time": 25.830706773,