{"0": {"my-scheduler-6f99ff999d-2djdz": {"setup time": 25.718827085, "avg time per iter": 11527.75, "total time": 184444, "total iter": 15, "msg rcv total": 13088, "msg sent total": 5726}, "my-scheduler-6f99ff999d-2hckc": {"setup time": 16.267284566, "avg time per iter": 11942.625, "total time": 191082, "total iter": 15, "msg rcv total": 10634, "msg sent total": 10634}, "my-scheduler-6f99ff999d-2sjnl": {"setup time": 17.514470262, "avg time per iter": 11704.1875, "total time": 187267, "total iter": 15, "msg rcv total": 11452, "msg sent total": 17146}, "my-scheduler-6f99ff999d-2tn4n": {"setup time": 20.181966682, "avg time per iter": 11539.1875, "total time": 184627, "total iter": 15, "msg rcv total": 12270, "msg sent total": 13056}, "my-scheduler-6f99ff999d-2whdc": {"setup time": 29.065240584, "avg time per iter": 12015.625, "total time": 192250, "total iter": 15, "msg rcv total": 13906, "msg sent total": 17964}, "my-scheduler-6f99ff999d-44xsn": {"setup time": 19.025772595, "avg time per iter": 11665.0625, "total time": 186641, "total iter": 15, "msg rcv total": 10634, "msg sent total": 13906}, "my-scheduler-6f99ff999d-47snk": {"setup time": 20.523413422, "avg time per iter": 11600.625, "total time": 185610, "total iter": 15, "msg rcv total": 13906, "msg sent total": 8998}, "my-scheduler-6f99ff999d-4fk6k": {"setup time": 24.057573419, "avg time per iter": 10882.5625, "total time": 174121, "total iter": 15, "msg rcv total": 10634, "msg sent total": 9816}, "my-scheduler-6f99ff999d-4fljv": {"setup time": 24.41148727, "avg time per iter": 11315.125, "total time": 181042, "total iter": 15, "msg rcv total": 17996, "msg sent total": 10634}, "my-scheduler-6f99ff999d-56gmk": {"setup time": 29.261676259, "avg time per iter": 11904.875, "total time": 190478, "total iter": 15, "msg rcv total": 9816, "msg sent total": 12270}, "my-scheduler-6f99ff999d-64qm6": {"setup time": 24.068553108, "avg time per iter": 11870.75, "total time": 189932, "total iter": 15, "msg rcv total": 4908, "msg sent total": 10634}, "my-scheduler-6f99ff999d-7c86h": {"setup time": 25.470111199, "avg time per iter": 11881.1875, "total time": 190099, "total iter": 15, "msg rcv total": 14724, "msg sent total": 18814}, "my-scheduler-6f99ff999d-7l6k7": {"setup time": 17.399525767, "avg time per iter": 11672.625, "total time": 186762, "total iter": 15, "msg rcv total": 13906, "msg sent total": 11452}, "my-scheduler-6f99ff999d-7snl6": {"setup time": 26.728340291, "avg time per iter": 11546.4375, "total time": 184743, "total iter": 15, "msg rcv total": 9816, "msg sent total": 8148}, "my-scheduler-6f99ff999d-7wz8k": {"setup time": 27.499412252, "avg time per iter": 11874.875, "total time": 189998, "total iter": 15, "msg rcv total": 7362, "msg sent total": 12270}, "my-scheduler-6f99ff999d-88rbr": {"setup time": 19.91482877, "avg time per iter": 11043, "total time": 176688, "total iter": 15, "msg rcv total": 15542, "msg sent total": 7362}, "my-scheduler-6f99ff999d-88xnr": {"setup time": 23.311521974, "avg time per iter": 11573.3125, "total time": 185173, "total iter": 15, "msg rcv total": 9816, "msg sent total": 12238}, "my-scheduler-6f99ff999d-8bf56": {"setup time": 22.217797709, "avg time per iter": 11741.625, "total time": 187866, "total iter": 15, "msg rcv total": 14724, "msg sent total": 13056}, "my-scheduler-6f99ff999d-8ht6r": {"setup time": 18.921594109, "avg time per iter": 11921, "total time": 190736, "total iter": 15, "msg rcv total": 11452, "msg sent total": 8966}, "my-scheduler-6f99ff999d-8npms": {"setup time": 29.357737425, "avg time per iter": 11770, "total time": 188320, "total iter": 15, "msg rcv total": 11452, "msg sent total": 11452}, "my-scheduler-6f99ff999d-8xzps": {"setup time": 26.229375679, "avg time per iter": 11480.9375, "total time": 183695, "total iter": 15, "msg rcv total": 9816, "msg sent total": 15542}, "my-scheduler-6f99ff999d-964p7": {"setup time": 25.39622392, "avg time per iter": 11607.125, "total time": 185714, "total iter": 15, "msg rcv total": 10634, "msg sent total": 13088}, "my-scheduler-6f99ff999d-967ml": {"setup time": 25.400047794, "avg time per iter": 11545.6875, "total time": 184731, "total iter": 15, "msg rcv total": 9816, "msg sent total": 8998}, "my-scheduler-6f99ff999d-9dgpz": {"setup time": 30.047566055, "avg time per iter": 11870.75, "total time": 189932, "total iter": 15, "msg rcv total": 17178, "msg sent total": 8148}, "my-scheduler-6f99ff999d-9hb45": {"setup time": 19.652863084, "avg time per iter": 11983.625, "total time": 191738, "total iter": 15, "msg rcv total": 17178, "msg sent total": 13906}, "my-scheduler-6f99ff999d-9ld5h": {"setup time": 21.783458501, "avg time per iter": 11582.25, "total time": 185316, "total iter": 15, "msg rcv total": 14724, "msg sent total": 13906}, "my-scheduler-6f99ff999d-bbx9p": {"setup time": 19.645735998, "avg time per iter": 11891.5625, "total time": 190265, "total iter": 15, "msg rcv total": 7362, "msg sent total": 13056}, "my-scheduler-6f99ff999d-bh8kj": {"setup time": 28.057334806, "avg time per iter": 12090.5625, "total time": 193449, "total iter": 15, "msg rcv total": 13088, "msg sent total": 17146}, "my-scheduler-6f99ff999d-bqsz2": {"setup time": 26.762700726, "avg time per iter": 11265, "total time": 180240, "total iter": 15, "msg rcv total": 11452, "msg sent total": 13088}, "my-scheduler-6f99ff999d-brgtt": {"setup time": 19.18994959, "avg time per iter": 11946.4375, "total time": 191143, "total iter": 15, "msg rcv total": 13906, "msg sent total": 6544}, "my-scheduler-6f99ff999d-bslvj": {"setup time": 21.498462319, "avg time per iter": 11403.5625, "total time": 182457, "total iter": 15, "msg rcv total": 13088, "msg sent total": 13088}, "my-scheduler-6f99ff999d-bxh28": {"setup time": 29.080050102, "avg time per iter": 11932.5, "total time": 190920, "total iter": 15, "msg rcv total": 13906, "msg sent total": 13088}, "my-scheduler-6f99ff999d-c8jpn": {"setup time": 17.115631366, "avg time per iter": 11569.5, "total time": 185112, "total iter": 15, "msg rcv total": 9816, "msg sent total": 12270}, "my-scheduler-6f99ff999d-cdpgl": {"setup time": 21.541176325, "avg time per iter": 11552.4375, "total time": 184839, "total iter": 15, "msg rcv total": 16360, "msg sent total": 13088}, "my-scheduler-6f99ff999d-cpg5d": {"setup time": 28.815980697, "avg time per iter": 12051.5, "total time": 192824, "total iter": 15, "msg rcv total": 17996, "msg sent total": 12238}, "my-scheduler-6f99ff999d-cxmss": {"setup time": 17.579354126, "avg time per iter": 11848.3125, "total time": 189573, "total iter": 15, "msg rcv total": 9816, "msg sent total": 11452}, "my-scheduler-6f99ff999d-d6m67": {"setup time": 20.229674637, "avg time per iter": 11262.6875, "total time": 180203, "total iter": 15, "msg rcv total": 14724, "msg sent total": 8998}, "my-scheduler-6f99ff999d-dsqkr": {"setup time": 18.595699954, "avg time per iter": 11525.3125, "total time": 184405, "total iter": 15, "msg rcv total": 11452, "msg sent total": 13906}, "my-scheduler-6f99ff999d-dwjwd": {"setup time": 21.914826063, "avg time per iter": 11377, "total time": 182032, "total iter": 15, "msg rcv total": 13088, "msg sent total": 7362}, "my-scheduler-6f99ff999d-frw4c": {"setup time": 22.526355629, "avg time per iter": 11937.75, "total time": 191004, "total iter": 15, "msg rcv total": 13906, "msg sent total": 12270}, "my-scheduler-6f99ff999d-fwnlk": {"setup time": 17.934929927, "avg time per iter": 11200.4375, "total time": 179207, "total iter": 15, "msg rcv total": 12270, "msg sent total": 12270}, "my-scheduler-6f99ff999d-ghrb8": {"setup time": 18.960325443, "avg time per iter": 11809.4375, "total time": 188951, "total iter": 15, "msg rcv total": 13088, "msg sent total": 6544}, "my-scheduler-6f99ff999d-gtwd6": {"setup time": 27.034791458, "avg time per iter": 11681.8125, "total time": 186909, "total iter": 15, "msg rcv total": 11452, "msg sent total": 12270}, "my-scheduler-6f99ff999d-gwtrq": {"setup time": 21.224796012, "avg time per iter": 11599.125, "total time": 185586,