{"0": {"my-scheduler-7478985f44-29f2k": {"got jobs": [], "initial w": 2.050000000013064, "final w": 2.050000000013064}, "my-scheduler-7478985f44-2mp8q": {"got jobs": [3], "initial w": 5.0499999998791925, "final w": 2.0499999998791925}, "my-scheduler-7478985f44-2qq7q": {"got jobs": [1], "initial w": 3.05000000007173, "final w": 2.05000000007173}, "my-scheduler-7478985f44-2zw6v": {"got jobs": [], "initial w": 0.0500000000316021, "final w": 0.0500000000316021}, "my-scheduler-7478985f44-42vw2": {"got jobs": [], "initial w": 6.050000000232597, "final w": 6.050000000232597}, "my-scheduler-7478985f44-448fn": {"got jobs": [2], "initial w": 4.0499999995406295, "final w": 2.0499999995406295}, "my-scheduler-7478985f44-468n8": {"got jobs": [], "initial w": 6.05000000027214, "final w": 6.05000000027214}, "my-scheduler-7478985f44-4fzvt": {"got jobs": [], "initial w": 7.050000000102608, "final w": 7.050000000102608}, "my-scheduler-7478985f44-4pwtp": {"got jobs": [4], "initial w": 7.049999999708547, "final w": 3.0499999997085467}, "my-scheduler-7478985f44-4qr4q": {"got jobs": [6], "initial w": 6.049999999912577, "final w": 0.04999999991257731}, "my-scheduler-7478985f44-4rpxr": {"got jobs": [], "initial w": 7.049999999691956, "final w": 7.049999999691956}, "my-scheduler-7478985f44-4tmpl": {"got jobs": [8], "initial w": 8.050000000203324, "final w": 0.05000000020332429}, "my-scheduler-7478985f44-59hmv": {"got jobs": [2], "initial w": 3.04999999987683, "final w": 1.04999999987683}, "my-scheduler-7478985f44-59vzk": {"got jobs": [], "initial w": 2.050000000086108, "final w": 2.050000000086108}, "my-scheduler-7478985f44-5hshw": {"got jobs": [], "initial w": 4.050000000020976, "final w": 4.050000000020976}, "my-scheduler-7478985f44-62qsj": {"got jobs": [1], "initial w": 1.0500000001214858, "final w": 0.050000000121485755}, "my-scheduler-7478985f44-62s5g": {"got jobs": [], "initial w": 2.0500000000717282, "final w": 2.0500000000717282}, "my-scheduler-7478985f44-66fmn": {"got jobs": [7], "initial w": 8.050000000083491, "final w": 1.0500000000834913}, "my-scheduler-7478985f44-67z5w": {"got jobs": [], "initial w": 1.0500000000660492, "final w": 1.0500000000660492}, "my-scheduler-7478985f44-6b8d9": {"got jobs": [2], "initial w": 3.0500000000385725, "final w": 1.0500000000385725}, "my-scheduler-7478985f44-6bs4w": {"got jobs": [], "initial w": 7.0500000000433065, "final w": 7.0500000000433065}, "my-scheduler-7478985f44-6xjrh": {"got jobs": [2], "initial w": 6.049999999846808, "final w": 4.049999999846808}, "my-scheduler-7478985f44-7bzz4": {"got jobs": [5], "initial w": 5.049999999986635, "final w": 0.0499999999866354}, "my-scheduler-7478985f44-7cvl2": {"got jobs": [8], "initial w": 8.050000000275192, "final w": 0.050000000275192136}, "my-scheduler-7478985f44-7nwsj": {"got jobs": [5, 2], "initial w": 7.050000000225619, "final w": 0.050000000225619345}, "my-scheduler-7478985f44-7v94k": {"got jobs": [8], "initial w": 8.050000000229453, "final w": 0.050000000229452723}, "my-scheduler-7478985f44-84tj5": {"got jobs": [3], "initial w": 6.04999999999853, "final w": 3.04999999999853}, "my-scheduler-7478985f44-8bg8n": {"got jobs": [6], "initial w": 8.050000000050675, "final w": 2.050000000050675}, "my-scheduler-7478985f44-8cjqb": {"got jobs": [1], "initial w": 6.050000000116405, "final w": 5.050000000116405}, "my-scheduler-7478985f44-92vd2": {"got jobs": [4], "initial w": 5.049999999728756, "final w": 1.0499999997287564}, "my-scheduler-7478985f44-9xwmb": {"got jobs": [], "initial w": 7.050000000023147, "final w": 7.050000000023147}, "my-scheduler-7478985f44-b96jq": {"got jobs": [6], "initial w": 7.049999999815768, "final w": 1.0499999998157676}, "my-scheduler-7478985f44-bjxdh": {"got jobs": [2], "initial w": 2.050000000044321, "final w": 0.050000000044320814}, "my-scheduler-7478985f44-brnqz": {"got jobs": [4], "initial w": 8.049999999878038, "final w": 4.049999999878038}, "my-scheduler-7478985f44-bvckw": {"got jobs": [4], "initial w": 4.049999999935263, "final w": 0.04999999993526316}, "my-scheduler-7478985f44-c4pgt": {"got jobs": [4], "initial w": 4.05000000036395, "final w": 0.05000000036394958}, "my-scheduler-7478985f44-c6fwq": {"got jobs": [3], "initial w": 6.049999999925742, "final w": 3.049999999925742}, "my-scheduler-7478985f44-c6s6n": {"got jobs": [], "initial w": 4.050000000000679, "final w": 4.050000000000679}, "my-scheduler-7478985f44-ccwhc": {"got jobs": [], "initial w": 3.0499999998676337, "final w": 3.0499999998676337}, "my-scheduler-7478985f44-cl6dx": {"got jobs": [], "initial w": 1.049999999830927, "final w": 1.049999999830927}, "my-scheduler-7478985f44-csqw6": {"got jobs": [5], "initial w": 8.050000000102218, "final w": 3.0500000001022176}, "my-scheduler-7478985f44-d5hlg": {"got jobs": [7], "initial w": 7.049999999815693, "final w": 0.04999999981569303}, "my-scheduler-7478985f44-dt6xr": {"got jobs": [3], "initial w": 7.049999999867467, "final w": 4.049999999867467}, "my-scheduler-7478985f44-dvv22": {"got jobs": [], "initial w": 7.049999999952428, "final w": 7.049999999952428}, "my-scheduler-7478985f44-fl2zs": {"got jobs": [6], "initial w": 8.050000000084918, "final w": 2.0500000000849177}, "my-scheduler-7478985f44-fxrsj": {"got jobs": [], "initial w": 7.050000000065548, "final w": 7.050000000065548}, "my-scheduler-7478985f44-gf8sf": {"got jobs": [8], "initial w": 8.04999999986997, "final w": 0.049999999869969614}, "my-scheduler-7478985f44-h2dzv": {"got jobs": [2, 1], "initial w": 3.0500000002246885, "final w": 0.050000000224688534}, "my-scheduler-7478985f44-hgs8w": {"got jobs": [5], "initial w": 5.050000000329469, "final w": 0.05000000032946872}, "my-scheduler-7478985f44-hph4h": {"got jobs": [8], "initial w": 8.049999999725992, "final w": 0.04999999972599234}, "my-scheduler-7478985f44-j7jhk": {"got jobs": [6], "initial w": 6.049999999725436, "final w": 0.04999999972543634}, "my-scheduler-7478985f44-jjwc9": {"got jobs": [], "initial w": 8.049999999827005, "final w": 8.049999999827005}, "my-scheduler-7478985f44-jplq5": {"got jobs": [], "initial w": 8.04999999989795, "final w": 8.04999999989795}, "my-scheduler-7478985f44-jqdrv": {"got jobs": [], "initial w": 6.049999999976208, "final w": 6.049999999976208}, "my-scheduler-7478985f44-jvjhd": {"got jobs": [], "initial w": 6.049999999973661, "final w": 6.049999999973661}, "my-scheduler-7478985f44-k42gv": {"got jobs": [4], "initial w": 5.049999999699075, "final w": 1.0499999996990752}, "my-scheduler-7478985f44-k6bvh": {"got jobs": [3], "initial w": 7.0499999999249106, "final w": 4.0499999999249106}, "my-scheduler-7478985f44-k86p7": {"got jobs": [], "initial w": 8.050000000056047, "final w": 8.050000000056047}, "my-scheduler-7478985f44-khw4z": {"got jobs": [1], "initial w": 1.0499999998506375, "final w": 0.04999999985063752}, "my-scheduler-7478985f44-l6jq2": {"got jobs": [], "initial w": 8.05000000039405, "final w": 8.05000000039405}, "my-scheduler-7478985f44-lcq6k": {"got jobs": [6], "initial w": 8.050000000006902, "final w": 2.050000000006902}, "my-scheduler-7478985f44-lf9f7": {"got jobs": [], "initial w": 6.049999999915579, "final w": 6.049999999915579}, "my-scheduler-7478985f44-lhs5l": {"got jobs": [6], "initial w": 6.04999999998094, "final w": 0.0499999999809404}, "my-scheduler-7478985f44-lmgml": {"got jobs": [2], "initial w": 3.049999999836267, "final w": 1.0499999998362668}, "my-scheduler-7478985f44-lqbk2": {"got jobs": [3], "initial w": 3.050000000229108, "final w": 0.05000000022910811}, "my-scheduler-7478985f44-lst4w": {"got jobs": [5], "initial w": 5.049999999754608, "final w": 0.04999999975460767}, "my-scheduler-7478985f44-mbxfh": {"got jobs": [], "initial w": 8.0499999998384, "final w": 8.0499999998384}, "my-scheduler-7478985f44-nb7h5": {"got jobs": [], "initial w": 6.049999999843017, "final w": 6.049999999843017}, "my-scheduler-7478985f44-p4xkv": {"got jobs": [8], "initial w": 8.049999999786698, "final w": 0.04999999978669756}, "my-scheduler-7478985f44-q8szt": {"got jobs": [3], "initial w": 7.049999999762258,