{"0": {"my-scheduler-7478985f44-274pl": {"got jobs": [3], "initial w": 7.050000000060635, "final w": 4.050000000060635}, "my-scheduler-7478985f44-2htqm": {"got jobs": [], "initial w": 5.04999999989605, "final w": 5.04999999989605}, "my-scheduler-7478985f44-2n69c": {"got jobs": [2], "initial w": 7.049999999954496, "final w": 5.049999999954496}, "my-scheduler-7478985f44-2qw84": {"got jobs": [5], "initial w": 8.050000000229453, "final w": 3.0500000002294527}, "my-scheduler-7478985f44-2v7w6": {"got jobs": [4, 1], "initial w": 7.049999999867467, "final w": 2.0499999998674667}, "my-scheduler-7478985f44-2vkpz": {"got jobs": [], "initial w": 7.050000000023145, "final w": 7.050000000023145}, "my-scheduler-7478985f44-2zt28": {"got jobs": [3], "initial w": 7.049999999708547, "final w": 4.049999999708547}, "my-scheduler-7478985f44-4xg6t": {"got jobs": [7], "initial w": 8.04999999972599, "final w": 1.0499999997259906}, "my-scheduler-7478985f44-556v8": {"got jobs": [6], "initial w": 8.049999999827001, "final w": 2.0499999998270013}, "my-scheduler-7478985f44-57hqz": {"got jobs": [3, 1], "initial w": 4.05000000014528, "final w": 0.050000000145280055}, "my-scheduler-7478985f44-5l9vl": {"got jobs": [1], "initial w": 3.050000000229108, "final w": 2.050000000229108}, "my-scheduler-7478985f44-66xpk": {"got jobs": [7], "initial w": 7.049999999952428, "final w": 0.0499999999524281}, "my-scheduler-7478985f44-6bkht": {"got jobs": [2], "initial w": 3.0500000002246868, "final w": 1.0500000002246868}, "my-scheduler-7478985f44-6pc79": {"got jobs": [8], "initial w": 8.050000000083493, "final w": 0.050000000083493035}, "my-scheduler-7478985f44-79rtm": {"got jobs": [], "initial w": 4.050000000363948, "final w": 4.050000000363948}, "my-scheduler-7478985f44-7n8qr": {"got jobs": [], "initial w": 6.0499999999254666, "final w": 6.0499999999254666}, "my-scheduler-7478985f44-7qkvs": {"got jobs": [2, 1], "initial w": 3.0500000000156753, "final w": 0.05000000001567528}, "my-scheduler-7478985f44-82qh5": {"got jobs": [7], "initial w": 7.049999999815769, "final w": 0.049999999815769414}, "my-scheduler-7478985f44-86rmv": {"got jobs": [], "initial w": 4.050000000020972, "final w": 4.050000000020972}, "my-scheduler-7478985f44-89wq7": {"got jobs": [4], "initial w": 4.049999999935263, "final w": 0.04999999993526316}, "my-scheduler-7478985f44-8qp7s": {"got jobs": [], "initial w": 1.050000000085598, "final w": 1.050000000085598}, "my-scheduler-7478985f44-8rhxt": {"got jobs": [7], "initial w": 7.050000000065548, "final w": 0.05000000006554828}, "my-scheduler-7478985f44-8vvnx": {"got jobs": [5], "initial w": 5.049999999754608, "final w": 0.04999999975460767}, "my-scheduler-7478985f44-98cs2": {"got jobs": [2], "initial w": 7.050000000139548, "final w": 5.050000000139548}, "my-scheduler-7478985f44-9n5c4": {"got jobs": [], "initial w": 1.0500000000660492, "final w": 1.0500000000660492}, "my-scheduler-7478985f44-9thk6": {"got jobs": [], "initial w": 8.050000000056047, "final w": 8.050000000056047}, "my-scheduler-7478985f44-9xjrw": {"got jobs": [6], "initial w": 8.049999999961463, "final w": 2.0499999999614626}, "my-scheduler-7478985f44-b6n2s": {"got jobs": [3, 2], "initial w": 6.049999999846804, "final w": 1.0499999998468041}, "my-scheduler-7478985f44-bdfkb": {"got jobs": [], "initial w": 6.04999999998094, "final w": 6.04999999998094}, "my-scheduler-7478985f44-bf88d": {"got jobs": [8], "initial w": 8.050000000084918, "final w": 0.05000000008491767}, "my-scheduler-7478985f44-blr5v": {"got jobs": [], "initial w": 6.0499999999125755, "final w": 6.0499999999125755}, "my-scheduler-7478985f44-bp4wn": {"got jobs": [6], "initial w": 6.050000000232597, "final w": 0.050000000232596875}, "my-scheduler-7478985f44-c82bb": {"got jobs": [3], "initial w": 5.050000000329469, "final w": 2.0500000003294687}, "my-scheduler-7478985f44-d5sp9": {"got jobs": [], "initial w": 3.050000000012746, "final w": 3.050000000012746}, "my-scheduler-7478985f44-dd2mk": {"got jobs": [], "initial w": 8.050000000006902, "final w": 8.050000000006902}, "my-scheduler-7478985f44-dfwfl": {"got jobs": [3, 3, 2], "initial w": 8.0499999998384, "final w": 0.0499999998384002}, "my-scheduler-7478985f44-dv4tz": {"got jobs": [4], "initial w": 8.049999999897953, "final w": 4.049999999897953}, "my-scheduler-7478985f44-flkgv": {"got jobs": [], "initial w": 6.050000000116404, "final w": 6.050000000116404}, "my-scheduler-7478985f44-fwwd9": {"got jobs": [3, 3], "initial w": 8.049999999930028, "final w": 2.0499999999300282}, "my-scheduler-7478985f44-gs5fc": {"got jobs": [], "initial w": 7.0499999998639, "final w": 7.0499999998639}, "my-scheduler-7478985f44-gsx5s": {"got jobs": [6], "initial w": 6.0499999997071985, "final w": 0.049999999707198484}, "my-scheduler-7478985f44-gvsb6": {"got jobs": [], "initial w": 7.050000000070526, "final w": 7.050000000070526}, "my-scheduler-7478985f44-hjgtr": {"got jobs": [4], "initial w": 6.05000000027214, "final w": 2.0500000002721404}, "my-scheduler-7478985f44-hms89": {"got jobs": [], "initial w": 0.050000000031603875, "final w": 0.050000000031603875}, "my-scheduler-7478985f44-hnn9n": {"got jobs": [], "initial w": 3.050000000038569, "final w": 3.050000000038569}, "my-scheduler-7478985f44-hpdqk": {"got jobs": [], "initial w": 3.0499999998676337, "final w": 3.0499999998676337}, "my-scheduler-7478985f44-hr594": {"got jobs": [4], "initial w": 8.050000000394048, "final w": 4.050000000394048}, "my-scheduler-7478985f44-j9pqv": {"got jobs": [4], "initial w": 7.049999999856665, "final w": 3.0499999998566647}, "my-scheduler-7478985f44-jgpzl": {"got jobs": [], "initial w": 8.050000000050675, "final w": 8.050000000050675}, "my-scheduler-7478985f44-jt298": {"got jobs": [], "initial w": 7.049999999861516, "final w": 7.049999999861516}, "my-scheduler-7478985f44-jwx99": {"got jobs": [6], "initial w": 7.049999999691954, "final w": 1.0499999996919538}, "my-scheduler-7478985f44-jzzcb": {"got jobs": [], "initial w": 5.0499999998791925, "final w": 5.0499999998791925}, "my-scheduler-7478985f44-khkgt": {"got jobs": [], "initial w": 3.049999999876828, "final w": 3.049999999876828}, "my-scheduler-7478985f44-kk4pv": {"got jobs": [8], "initial w": 8.049999999878036, "final w": 0.04999999987803605}, "my-scheduler-7478985f44-kktx2": {"got jobs": [], "initial w": 7.0499999997001375, "final w": 7.0499999997001375}, "my-scheduler-7478985f44-ktn6f": {"got jobs": [], "initial w": 1.0500000001214804, "final w": 1.0500000001214804}, "my-scheduler-7478985f44-lcm8f": {"got jobs": [], "initial w": 6.049999999725436, "final w": 6.049999999725436}, "my-scheduler-7478985f44-lf492": {"got jobs": [], "initial w": 2.050000000013066, "final w": 2.050000000013066}, "my-scheduler-7478985f44-lfnd6": {"got jobs": [6], "initial w": 7.049999999946985, "final w": 1.0499999999469853}, "my-scheduler-7478985f44-lpbw8": {"got jobs": [5, 1], "initial w": 7.050000000225616, "final w": 1.0500000002256158}, "my-scheduler-7478985f44-lw4vw": {"got jobs": [4], "initial w": 7.050000000327028, "final w": 3.050000000327028}, "my-scheduler-7478985f44-lx5j7": {"got jobs": [], "initial w": 4.0499999995406295, "final w": 4.0499999995406295}, "my-scheduler-7478985f44-m4lqb": {"got jobs": [], "initial w": 6.049999999843017, "final w": 6.049999999843017}, "my-scheduler-7478985f44-md6bq": {"got jobs": [2], "initial w": 2.0500000001325756, "final w": 0.05000000013257555}, "my-scheduler-7478985f44-mvzrq": {"got jobs": [2], "initial w": 7.050000000102607, "final w": 5.050000000102607}, "my-scheduler-7478985f44-nflxh": {"got jobs": [1], "initial w": 1.0499999998309253, "final w": 0.04999999983092529}, "my-scheduler-7478985f44-nz9jx": {"got jobs": [6], "initial w": 6.04999999999853, "final w": 0.04999999999852989}, "my-scheduler-7478985f44-pgrj2": {"got jobs": [], "initial w": 1.0499999998506393, "final w": 1.0499999998506393}, "my-scheduler-7478985f44-pk9gh": {"got jobs": [], "initial w": 4.050000000000679, "final w": 4.050000000000679}, "my-scheduler-7478985f44-pkjgs": {"got jobs": [2],