{"0": {"my-scheduler-6f99ff999d-259q5": {"setup time": 22.883562709, "avg time per iter": 12849.125, "total time": 205586, "total iter": 15, "msg rcv total": 12270, "msg sent total": 13056}, "my-scheduler-6f99ff999d-27mvb": {"setup time": 23.998709943, "avg time per iter": 13029.9375, "total time": 208479, "total iter": 15, "msg rcv total": 9816, "msg sent total": 17996}, "my-scheduler-6f99ff999d-2c6rm": {"setup time": 21.192911129, "avg time per iter": 13239.75, "total time": 211836, "total iter": 15, "msg rcv total": 13088, "msg sent total": 16360}, "my-scheduler-6f99ff999d-2dkq2": {"setup time": 31.024067415, "avg time per iter": 13311.625, "total time": 212986, "total iter": 15, "msg rcv total": 9816, "msg sent total": 15542}, "my-scheduler-6f99ff999d-2l9fc": {"setup time": 24.716927974, "avg time per iter": 12867.4375, "total time": 205879, "total iter": 15, "msg rcv total": 10634, "msg sent total": 15542}, "my-scheduler-6f99ff999d-2xhz8": {"setup time": 36.859704296, "avg time per iter": 13272.625, "total time": 212362, "total iter": 15, "msg rcv total": 11452, "msg sent total": 17146}, "my-scheduler-6f99ff999d-4gh9s": {"setup time": 23.125625944, "avg time per iter": 12517.625, "total time": 200282, "total iter": 15, "msg rcv total": 8998, "msg sent total": 14724}, "my-scheduler-6f99ff999d-4pj24": {"setup time": 32.19105344, "avg time per iter": 13290.5625, "total time": 212649, "total iter": 15, "msg rcv total": 9816, "msg sent total": 8148}, "my-scheduler-6f99ff999d-4tnx6": {"setup time": 26.254209958, "avg time per iter": 12885.4375, "total time": 206167, "total iter": 15, "msg rcv total": 13906, "msg sent total": 12270}, "my-scheduler-6f99ff999d-4z828": {"setup time": 33.813968421, "avg time per iter": 13394.5625, "total time": 214313, "total iter": 15, "msg rcv total": 8998, "msg sent total": 8180}, "my-scheduler-6f99ff999d-4zh8j": {"setup time": 33.77576716, "avg time per iter": 13117, "total time": 209872, "total iter": 15, "msg rcv total": 12270, "msg sent total": 12270}, "my-scheduler-6f99ff999d-57t49": {"setup time": 20.532760939, "avg time per iter": 12769.8125, "total time": 204317, "total iter": 15, "msg rcv total": 11452, "msg sent total": 13906}, "my-scheduler-6f99ff999d-5kk4c": {"setup time": 24.915240219, "avg time per iter": 12581.6875, "total time": 201307, "total iter": 15, "msg rcv total": 13088, "msg sent total": 10634}, "my-scheduler-6f99ff999d-5kzn6": {"setup time": 24.884012238, "avg time per iter": 13246.5625, "total time": 211945, "total iter": 15, "msg rcv total": 13906, "msg sent total": 10634}, "my-scheduler-6f99ff999d-5q7f2": {"setup time": 22.712899116, "avg time per iter": 13130.9375, "total time": 210095, "total iter": 15, "msg rcv total": 15542, "msg sent total": 7362}, "my-scheduler-6f99ff999d-65dgx": {"setup time": 32.054929391, "avg time per iter": 13073.4375, "total time": 209175, "total iter": 15, "msg rcv total": 10634, "msg sent total": 11452}, "my-scheduler-6f99ff999d-67d6c": {"setup time": 37.13612861, "avg time per iter": 13424.375, "total time": 214790, "total iter": 15, "msg rcv total": 13906, "msg sent total": 9816}, "my-scheduler-6f99ff999d-6bnmj": {"setup time": 25.61190206, "avg time per iter": 12898.875, "total time": 206382, "total iter": 15, "msg rcv total": 16360, "msg sent total": 13088}, "my-scheduler-6f99ff999d-6kqtx": {"setup time": 34.000220624, "avg time per iter": 13230.875, "total time": 211694, "total iter": 15, "msg rcv total": 13088, "msg sent total": 17146}, "my-scheduler-6f99ff999d-6wl4b": {"setup time": 27.850199342, "avg time per iter": 13360.5625, "total time": 213769, "total iter": 15, "msg rcv total": 15542, "msg sent total": 13906}, "my-scheduler-6f99ff999d-6wvkd": {"setup time": 22.672325327, "avg time per iter": 13135, "total time": 210160, "total iter": 15, "msg rcv total": 17178, "msg sent total": 13906}, "my-scheduler-6f99ff999d-78nfb": {"setup time": 27.672991187, "avg time per iter": 12656.5625, "total time": 202505, "total iter": 15, "msg rcv total": 11452, "msg sent total": 13906}, "my-scheduler-6f99ff999d-7klkn": {"setup time": 34.788375352, "avg time per iter": 13348.75, "total time": 213580, "total iter": 15, "msg rcv total": 17996, "msg sent total": 12238}, "my-scheduler-6f99ff999d-7psbf": {"setup time": 30.76150341, "avg time per iter": 12470.1875, "total time": 199523, "total iter": 15, "msg rcv total": 10634, "msg sent total": 13088}, "my-scheduler-6f99ff999d-7wgzc": {"setup time": 35.609373334, "avg time per iter": 13209.1875, "total time": 211347, "total iter": 15, "msg rcv total": 13906, "msg sent total": 13906}, "my-scheduler-6f99ff999d-8725q": {"setup time": 31.026078209, "avg time per iter": 12658.25, "total time": 202532, "total iter": 15, "msg rcv total": 12270, "msg sent total": 9816}, "my-scheduler-6f99ff999d-88nbx": {"setup time": 29.760965268, "avg time per iter": 12931.5625, "total time": 206905, "total iter": 15, "msg rcv total": 13088, "msg sent total": 16328}, "my-scheduler-6f99ff999d-8d8jp": {"setup time": 36.623751058, "avg time per iter": 13180.25, "total time": 210884, "total iter": 15, "msg rcv total": 9816, "msg sent total": 14724}, "my-scheduler-6f99ff999d-8f9ts": {"setup time": 31.01002656, "avg time per iter": 13299.625, "total time": 212794, "total iter": 15, "msg rcv total": 13906, "msg sent total": 8966}, "my-scheduler-6f99ff999d-8hlh5": {"setup time": 20.002545627, "avg time per iter": 13000, "total time": 208000, "total iter": 15, "msg rcv total": 9816, "msg sent total": 12270}, "my-scheduler-6f99ff999d-8lv2b": {"setup time": 19.768681649, "avg time per iter": 13098, "total time": 209568, "total iter": 15, "msg rcv total": 12270, "msg sent total": 12270}, "my-scheduler-6f99ff999d-8xlv6": {"setup time": 29.633842249, "avg time per iter": 12928.375, "total time": 206854, "total iter": 15, "msg rcv total": 14724, "msg sent total": 11452}, "my-scheduler-6f99ff999d-92hxb": {"setup time": 25.632090202, "avg time per iter": 13200.625, "total time": 211210, "total iter": 15, "msg rcv total": 14724, "msg sent total": 13906}, "my-scheduler-6f99ff999d-9757l": {"setup time": 33.360411001, "avg time per iter": 13030.1875, "total time": 208483, "total iter": 15, "msg rcv total": 8180, "msg sent total": 9816}, "my-scheduler-6f99ff999d-9bdn9": {"setup time": 22.880644028, "avg time per iter": 12557.8125, "total time": 200925, "total iter": 15, "msg rcv total": 13088, "msg sent total": 13088}, "my-scheduler-6f99ff999d-9bzpx": {"setup time": 37.086677264, "avg time per iter": 13249.1875, "total time": 211987, "total iter": 15, "msg rcv total": 13906, "msg sent total": 10602}, "my-scheduler-6f99ff999d-9dlrr": {"setup time": 18.870135889, "avg time per iter": 13276.375, "total time": 212422, "total iter": 15, "msg rcv total": 17996, "msg sent total": 17178}, "my-scheduler-6f99ff999d-9p98p": {"setup time": 30.823599495, "avg time per iter": 12893.5, "total time": 206296, "total iter": 15, "msg rcv total": 14724, "msg sent total": 18814}, "my-scheduler-6f99ff999d-9qqpw": {"setup time": 23.671500804, "avg time per iter": 13043.125, "total time": 208690, "total iter": 15, "msg rcv total": 14724, "msg sent total": 8998}, "my-scheduler-6f99ff999d-bgchm": {"setup time": 22.608239668, "avg time per iter": 12979.625, "total time": 207674, "total iter": 15, "msg rcv total": 7362, "msg sent total": 13056}, "my-scheduler-6f99ff999d-bl6ll": {"setup time": 34.418423261, "avg time per iter": 13292.375, "total time": 212678, "total iter": 15, "msg rcv total": 7362, "msg sent total": 11452}, "my-scheduler-6f99ff999d-bpcp7": {"setup time": 35.369676262, "avg time per iter": 13143.3125, "total time": 210293, "total iter": 15, "msg rcv total": 14724, "msg sent total": 5726}, "my-scheduler-6f99ff999d-bwfps": {"setup time": 18.64124662, "avg time per iter": 12460.875, "total time": 199374, "total iter": 15, "msg rcv total": 9816, "msg sent total": 11452}, "my-scheduler-6f99ff999d-csc42": {"setup time": 25.653385313, "avg time per iter": 12741.8125,