{"0": {"my-scheduler-6f99ff999d-2czdn": {"setup time": 20.177408194, "avg time per iter": 11267.421052631578, "total time": 214081, "total iter": 18, "msg rcv total": 14565, "msg sent total": 14565}, "my-scheduler-6f99ff999d-2qksc": {"setup time": 22.572017228, "avg time per iter": 11987.526315789473, "total time": 227763, "total iter": 18, "msg rcv total": 13594, "msg sent total": 20353}, "my-scheduler-6f99ff999d-4dllw": {"setup time": 12.213986456, "avg time per iter": 11766.736842105263, "total time": 223568, "total iter": 18, "msg rcv total": 20391, "msg sent total": 16507}, "my-scheduler-6f99ff999d-4p55k": {"setup time": 11.481806428, "avg time per iter": 11755.473684210527, "total time": 223354, "total iter": 18, "msg rcv total": 15536, "msg sent total": 7768}, "my-scheduler-6f99ff999d-4v69x": {"setup time": 16.758304409, "avg time per iter": 11366.263157894737, "total time": 215959, "total iter": 18, "msg rcv total": 16507, "msg sent total": 17478}, "my-scheduler-6f99ff999d-56jhs": {"setup time": 13.752940904, "avg time per iter": 11742.473684210527, "total time": 223107, "total iter": 18, "msg rcv total": 13594, "msg sent total": 20391}, "my-scheduler-6f99ff999d-574kl": {"setup time": 16.248412549, "avg time per iter": 11781.631578947368, "total time": 223851, "total iter": 18, "msg rcv total": 25246, "msg sent total": 17478}, "my-scheduler-6f99ff999d-5dhsj": {"setup time": 13.520010976, "avg time per iter": 11290.894736842105, "total time": 214527, "total iter": 18, "msg rcv total": 12623, "msg sent total": 18449}, "my-scheduler-6f99ff999d-5fg4s": {"setup time": 22.478078769, "avg time per iter": 11842.052631578947, "total time": 224999, "total iter": 18, "msg rcv total": 11652, "msg sent total": 17478}, "my-scheduler-6f99ff999d-5mjwn": {"setup time": 22.779477651, "avg time per iter": 11896.315789473685, "total time": 226030, "total iter": 18, "msg rcv total": 16507, "msg sent total": 11652}, "my-scheduler-6f99ff999d-5nwjl": {"setup time": 13.597350559, "avg time per iter": 11611.052631578947, "total time": 220610, "total iter": 18, "msg rcv total": 15536, "msg sent total": 12623}, "my-scheduler-6f99ff999d-5t94w": {"setup time": 8.859955175, "avg time per iter": 12053.947368421053, "total time": 229025, "total iter": 18, "msg rcv total": 12623, "msg sent total": 12623}, "my-scheduler-6f99ff999d-5x27g": {"setup time": 14.083850668, "avg time per iter": 11930.368421052632, "total time": 226677, "total iter": 18, "msg rcv total": 19420, "msg sent total": 15536}, "my-scheduler-6f99ff999d-6kgjw": {"setup time": 15.111446952, "avg time per iter": 11958.315789473685, "total time": 227208, "total iter": 18, "msg rcv total": 16507, "msg sent total": 15536}, "my-scheduler-6f99ff999d-6nqc6": {"setup time": 17.304637025, "avg time per iter": 11581.736842105263, "total time": 220053, "total iter": 18, "msg rcv total": 17478, "msg sent total": 13594}, "my-scheduler-6f99ff999d-6nsdp": {"setup time": 22.238507929, "avg time per iter": 11102.315789473685, "total time": 210944, "total iter": 18, "msg rcv total": 20391, "msg sent total": 9672}, "my-scheduler-6f99ff999d-6tjs4": {"setup time": 10.205424103, "avg time per iter": 11759.842105263158, "total time": 223437, "total iter": 18, "msg rcv total": 13594, "msg sent total": 16507}, "my-scheduler-6f99ff999d-6vc6c": {"setup time": 14.809494619, "avg time per iter": 11868.78947368421, "total time": 225507, "total iter": 18, "msg rcv total": 17478, "msg sent total": 12623}, "my-scheduler-6f99ff999d-79f8b": {"setup time": 14.83411583, "avg time per iter": 11341.21052631579, "total time": 215483, "total iter": 18, "msg rcv total": 16507, "msg sent total": 14565}, "my-scheduler-6f99ff999d-7dztb": {"setup time": 21.471044304, "avg time per iter": 11797.947368421053, "total time": 224161, "total iter": 18, "msg rcv total": 16507, "msg sent total": 15536}, "my-scheduler-6f99ff999d-7gqtx": {"setup time": 11.226639464, "avg time per iter": 11572.894736842105, "total time": 219885, "total iter": 18, "msg rcv total": 13594, "msg sent total": 10643}, "my-scheduler-6f99ff999d-7r89c": {"setup time": 9.888385618000001, "avg time per iter": 11361.631578947368, "total time": 215871, "total iter": 18, "msg rcv total": 11652, "msg sent total": 13594}, "my-scheduler-6f99ff999d-89dh2": {"setup time": 14.935754317, "avg time per iter": 11774, "total time": 223706, "total iter": 18, "msg rcv total": 10681, "msg sent total": 13594}, "my-scheduler-6f99ff999d-8k9dw": {"setup time": 23.182584209, "avg time per iter": 12374.78947368421, "total time": 235121, "total iter": 18, "msg rcv total": 12623, "msg sent total": 11652}, "my-scheduler-6f99ff999d-8n2vx": {"setup time": 10.846944345, "avg time per iter": 11637.736842105263, "total time": 221117, "total iter": 18, "msg rcv total": 13594, "msg sent total": 16507}, "my-scheduler-6f99ff999d-8s2mf": {"setup time": 16.537087152, "avg time per iter": 11838.526315789473, "total time": 224932, "total iter": 18, "msg rcv total": 5826, "msg sent total": 12623}, "my-scheduler-6f99ff999d-94wd5": {"setup time": 12.444845689, "avg time per iter": 11832.368421052632, "total time": 224815, "total iter": 18, "msg rcv total": 14565, "msg sent total": 15498}, "my-scheduler-6f99ff999d-9f42x": {"setup time": 22.046121326, "avg time per iter": 11258.105263157895, "total time": 213904, "total iter": 18, "msg rcv total": 13594, "msg sent total": 13594}, "my-scheduler-6f99ff999d-9lgdg": {"setup time": 18.421139026, "avg time per iter": 11885.263157894737, "total time": 225820, "total iter": 18, "msg rcv total": 15536, "msg sent total": 6797}, "my-scheduler-6f99ff999d-9sb2t": {"setup time": 13.553085738, "avg time per iter": 11514.894736842105, "total time": 218783, "total iter": 18, "msg rcv total": 16507, "msg sent total": 12623}, "my-scheduler-6f99ff999d-9tl9r": {"setup time": 18.88733161, "avg time per iter": 11976.421052631578, "total time": 227552, "total iter": 18, "msg rcv total": 16507, "msg sent total": 15536}, "my-scheduler-6f99ff999d-9vd8l": {"setup time": 12.783891035, "avg time per iter": 11803.421052631578, "total time": 224265, "total iter": 18, "msg rcv total": 17478, "msg sent total": 10681}, "my-scheduler-6f99ff999d-b47wx": {"setup time": 19.35727886, "avg time per iter": 11929.78947368421, "total time": 226666, "total iter": 18, "msg rcv total": 19420, "msg sent total": 14565}, "my-scheduler-6f99ff999d-b5dvd": {"setup time": 10.651237941, "avg time per iter": 11741.21052631579, "total time": 223083, "total iter": 18, "msg rcv total": 11652, "msg sent total": 14565}, "my-scheduler-6f99ff999d-b9s7k": {"setup time": 11.936299196, "avg time per iter": 11850.052631578947, "total time": 225151, "total iter": 18, "msg rcv total": 16507, "msg sent total": 7768}, "my-scheduler-6f99ff999d-bbzzq": {"setup time": 22.356833453, "avg time per iter": 11730.105263157895, "total time": 222872, "total iter": 18, "msg rcv total": 11652, "msg sent total": 13594}, "my-scheduler-6f99ff999d-bg9bf": {"setup time": 11.648024775, "avg time per iter": 11997.736842105263, "total time": 227957, "total iter": 18, "msg rcv total": 12623, "msg sent total": 16507}, "my-scheduler-6f99ff999d-bl7lc": {"setup time": 23.855193647, "avg time per iter": 12027.052631578947, "total time": 228514, "total iter": 18, "msg rcv total": 17727, "msg sent total": 10681}, "my-scheduler-6f99ff999d-bnsbt": {"setup time": 9.468477479, "avg time per iter": 11473.947368421053, "total time": 218005, "total iter": 18, "msg rcv total": 16507, "msg sent total": 13594}, "my-scheduler-6f99ff999d-bt2ww": {"setup time": 15.336866816, "avg time per iter": 11593.736842105263, "total time": 220281, "total iter": 18, "msg rcv total": 18449, "msg sent total": 10681}, "my-scheduler-6f99ff999d-cbnzt": {"setup time": 9.983347218, "avg time per iter": 11834.157894736842, "total time": 224849, "total iter": 18, "msg rcv total": 10681, "msg sent total": 9710}, "my-scheduler-6f99ff999d-csswp": {"setup time": 22.135059709, "avg time per iter": 11974.947368421053,