{"my-scheduler-85d7fc7444-6ncjk": {"comp time per iter": [11, 11, 9, 6, 7, 6, 6, 5, 10, 15, 9, 5, 6, 13, 14, 4, 5, 5, 6, 4, 10, 6, 5, 4, 4, 8, 5, 13, 8, 5, 4, 4, 12, 4, 8, 25, 4, 20, 4, 4, 4, 4, 6, 5, 5, 5, 15, 16, 5, 13, 5, 9, 6, 6, 6, 7, 6], "xchg time per iter": [1121, 4032, 1369, 921, 1347, 797, 708, 1020, 477, 575, 844, 681, 403, 696, 474, 602, 1367, 759, 678, 646, 660, 817, 697, 450, 1626, 3370, 734, 572, 850, 1764, 1014, 670, 955, 518, 8652, 495, 712, 730, 1833, 2225, 1323, 1010, 377, 630, 516, 565, 437, 468, 1013, 881, 672, 438, 483, 483, 724, 442, 1684], "avg time per iter": [1078.561403508772], "fields.time": 3.049478239, "total time": 61478, "total iter": 56, "msg rcv total": 4562, "msg sent total": 4562}, "my-scheduler-85d7fc7444-9hzsd": {"comp time per iter": [14, 6, 6, 8, 9, 22, 23, 9, 10, 9, 9, 17, 7, 7, 6, 6, 6, 6, 8, 6, 6, 6, 6, 7, 8, 6, 6, 6, 23, 12, 10, 8, 4, 6, 16, 6, 5, 13, 4, 5, 5, 6, 6, 5, 5, 7, 5, 5, 5, 5, 7, 17, 7, 9, 5, 8, 8], "xchg time per iter": [3790, 2208, 886, 1043, 970, 802, 916, 847, 732, 867, 850, 2162, 909, 611, 570, 699, 694, 753, 589, 848, 573, 698, 478, 622, 3302, 581, 653, 1001, 807, 708, 826, 1265, 3249, 455, 6028, 722, 727, 1371, 725, 2512, 632, 632, 681, 566, 676, 624, 756, 592, 968, 650, 776, 659, 563, 824, 1726, 648, 613], "avg time per iter": [1090.2280701754387], "fields.time": 4.619294663, "total time": 62143, "total iter": 56, "msg rcv total": 9124, "msg sent total": 9124}, "my-scheduler-85d7fc7444-lb6mx": {"comp time per iter": [11, 20, 9, 7, 7, 8, 5, 5, 4, 6, 4, 4, 9, 6, 6, 4, 4, 10, 6, 10, 18, 276, 6, 4, 5, 7, 5, 5, 4, 4, 5, 5, 5, 5, 5, 6, 9, 14, 4, 4, 6, 12, 4, 17, 12, 5, 8, 5, 5, 5, 5, 8, 13, 7, 3, 10, 5], "xchg time per iter": [1112, 989, 2208, 2230, 907, 1399, 730, 849, 844, 790, 843, 875, 1468, 1814, 674, 683, 603, 758, 692, 702, 721, 696, 1091, 730, 508, 2708, 629, 732, 779, 1499, 391, 3585, 7230, 486, 371, 593, 328, 389, 415, 1425, 850, 2358, 592, 830, 694, 1050, 557, 1421, 428, 351, 599, 694, 708, 2947, 694, 571, 440], "avg time per iter": [1104.6315789473683], "fields.time": 6.185441518, "total time": 62964, "total iter": 56, "msg rcv total": 9124, "msg sent total": 4562}, "my-scheduler-85d7fc7444-mpf9t": {"comp time per iter": [5, 10, 5, 4, 5, 29, 7, 5, 5, 6, 5, 6, 6, 4, 6, 13, 4, 4, 4, 10, 4, 4, 4, 6, 4, 7, 5, 4, 4, 17, 3, 5, 7, 4, 6, 5, 5, 10, 4, 4, 5, 4, 29, 5, 4, 5, 9, 17, 5, 5, 4, 8, 5, 5, 5, 4, 4], "xchg time per iter": [4918, 1349, 964, 713, 1420, 649, 402, 700, 1104, 792, 603, 557, 512, 562, 747, 1364, 654, 691, 741, 730, 707, 733, 545, 1539, 3479, 726, 578, 764, 556, 2264, 695, 884, 597, 8558, 591, 440, 767, 2008, 666, 917, 526, 556, 799, 470, 1940, 725, 480, 1378, 832, 497, 716, 601, 551, 661, 677, 1690, 769], "avg time per iter": [1095.9298245614036], "fields.time": 3.7331999270000003, "total time": 62468, "total iter": 56, "msg rcv total": 4562, "msg sent total": 4562}, "my-scheduler-85d7fc7444-nm4xh": {"comp time per iter": [5, 4, 7, 23, 7, 4, 4, 26, 9, 4, 5, 4, 17, 4, 6, 4, 4, 7, 4, 10, 3, 5, 5, 4, 5, 8, 14, 4, 5, 3, 3, 4, 5, 15, 5, 8, 5, 4, 4, 5, 4, 3, 14, 4, 4, 5, 5, 17, 4, 10, 8, 9, 30, 13, 4, 4, 8], "xchg time per iter": [757, 3423, 2237, 892, 1175, 1018, 909, 853, 849, 808, 877, 1406, 1768, 761, 706, 533, 695, 610, 848, 604, 758, 709, 862, 439, 3310, 870, 602, 873, 699, 550, 795, 727, 3107, 1467, 740, 5845, 693, 670, 1382, 786, 2387, 600, 810, 645, 619, 996, 539, 575, 435, 1063, 623, 867, 688, 646, 623, 1651, 677], "avg time per iter": [1096.7368421052631], "fields.time": 5.248111652, "total time": 62514, "total iter": 56, "msg rcv total": 4562, "msg sent total": 4562}, "my-scheduler-85d7fc7444-rpfzp": {"comp time per iter": [5, 4, 4, 4, 4, 8, 20, 6, 5, 4, 5, 5, 21, 4, 16, 4, 4, 6, 4, 3, 6, 4, 5, 14, 5, 8, 5, 5, 4, 5, 7, 10, 4, 4, 3, 5, 19, 21, 7, 4, 6, 13, 6, 4, 5, 5, 4, 4, 4, 14, 10, 8, 5, 5, 5, 62, 5], "xchg time per iter": [2343, 869, 998, 1074, 723, 643, 1179, 746, 533, 849, 637, 1055, 777, 1498, 614, 786, 493, 754, 974, 714, 721, 501, 663, 712, 3342, 755, 681, 796, 669, 1355, 1766, 684, 504, 8546, 526, 587, 1782, 639, 979, 2161, 543, 511, 632, 834, 743, 466, 519, 1390, 577, 855, 468, 438, 582, 687, 620, 2076, 596], "avg time per iter": [1046.4035087719299], "fields.time": 7.053903543, "total time": 59645, "total iter": 56, "msg rcv total": 4562, "msg sent total": 9124}, "my-scheduler-85d7fc7444-ss9ft": {"comp time per iter": [7, 7, 11, 7, 7, 13, 4, 7, 5, 9, 17, 10, 8, 20, 5, 4, 5, 4, 9, 5, 13, 6, 10, 5, 4, 4, 5, 10, 12, 5, 4, 5, 6, 7, 18, 5, 4, 4, 4, 4, 4, 5, 5, 4, 4, 23, 5, 4, 5, 4, 5, 4, 5, 6, 4, 4, 5], "xchg time per iter": [1028, 1028, 845, 823, 699, 601, 702, 848, 1164, 582, 539, 732, 669, 801, 1334, 719, 730, 544, 695, 831, 820, 516, 1486, 712, 3315, 705, 771, 564, 1262, 1721, 846, 572, 8545, 502, 501, 551, 1813, 1182, 902, 533, 457, 646, 645, 1673, 754, 544, 1525, 564, 801, 523, 487, 462, 721, 645, 1964, 728, 927], "avg time per iter": [1021.5964912280701], "fields.time": 1.83692367, "total time": 58231, "total iter": 56, "msg rcv total": 9124, "msg sent total": 4562}, "my-scheduler-85d7fc7444-tpvv9": {"comp time per iter": [14, 11, 10, 9, 6, 19, 4, 12, 4, 10, 6, 26, 14, 4, 4, 4, 7, 6, 4, 4, 4, 4, 5, 16, 9, 6, 6, 4, 4, 4, 9, 6, 4, 4, 4, 5, 17, 5, 5, 5, 4, 10, 4, 10, 4, 4, 6, 4, 4, 9, 6, 8, 6, 5, 9, 6, 5], "xchg time per iter": [1279, 700, 874, 2055, 2072, 940, 1388, 683, 748, 777, 765, 850, 1051, 1253, 1848, 660, 579, 648, 686, 696, 757, 713, 1681, 620, 664, 675, 2504, 642, 641, 874, 1447, 535, 3331, 7298, 493, 514, 440, 491, 411, 393, 1196, 843, 2367, 851, 611, 756, 1083, 432, 1470, 447, 397, 564, 757, 662, 2900, 666, 571], "avg time per iter": [1099.842105263158], "fields.time": 4.427640018, "total time": 62691, "total iter": 56, "msg rcv total": 4562, "msg sent total": 4562}, "my-scheduler-85d7fc7444-wdtfg": {"comp time per iter": [5, 5, 8, 4, 4, 5, 4, 7, 7, 4, 8, 3, 4, 4, 6, 5, 4, 4, 4, 4, 8, 4, 3, 6, 6, 14, 4, 5, 4, 13, 10, 6, 7, 4, 6, 13, 8, 5, 4, 7, 8, 4, 6, 4, 4, 5, 6, 7, 4, 5, 5, 8, 24, 6, 4, 4, 4], "xchg time per iter": [399, 454, 578, 1270, 1104, 1221, 790, 970, 562, 703, 786, 1704, 1557, 636, 712, 545, 748, 895, 557, 973, 343, 692, 555, 532, 596, 3374, 734, 842, 710, 860, 872, 941, 1258, 2996, 552, 6011, 632, 1606, 559, 3037, 525, 613, 879, 699, 528, 441, 576, 486, 463, 1146, 850, 694, 450, 502, 655, 1711, 757], "avg time per iter": [1003.8245614035088], "fields.time": 2.36506905, "total time": 57218, "total iter": 56, "msg rcv total": 4562, "msg sent total": 9124}}
