{"0": {"my-scheduler-6f99ff999d-247mj": {"setup time": 25.65883873, "avg time per iter": 23195.473684210527, "total time": 440714, "total iter": 18, "msg rcv total": 21362, "msg sent total": 12623}, "my-scheduler-6f99ff999d-299r6": {"setup time": 18.357301361, "avg time per iter": 23413.42105263158, "total time": 444855, "total iter": 18, "msg rcv total": 13594, "msg sent total": 20353}, "my-scheduler-6f99ff999d-2hl59": {"setup time": 20.489331288, "avg time per iter": 23458.947368421053, "total time": 445720, "total iter": 18, "msg rcv total": 8739, "msg sent total": 15498}, "my-scheduler-6f99ff999d-2kzbv": {"setup time": 24.633902401, "avg time per iter": 22845.947368421053, "total time": 434073, "total iter": 18, "msg rcv total": 14565, "msg sent total": 11652}, "my-scheduler-6f99ff999d-2lw5b": {"setup time": 21.423629215, "avg time per iter": 23280.36842105263, "total time": 442327, "total iter": 18, "msg rcv total": 17478, "msg sent total": 10681}, "my-scheduler-6f99ff999d-46zgb": {"setup time": 19.010300865, "avg time per iter": 23517.105263157893, "total time": 446825, "total iter": 18, "msg rcv total": 13594, "msg sent total": 16507}, "my-scheduler-6f99ff999d-4c9rj": {"setup time": 30.754015839, "avg time per iter": 23489.105263157893, "total time": 446293, "total iter": 18, "msg rcv total": 12623, "msg sent total": 21362}, "my-scheduler-6f99ff999d-4hzll": {"setup time": 24.472832964, "avg time per iter": 23158.842105263157, "total time": 440018, "total iter": 18, "msg rcv total": 18449, "msg sent total": 16507}, "my-scheduler-6f99ff999d-5648x": {"setup time": 19.407721926, "avg time per iter": 23462.473684210527, "total time": 445787, "total iter": 18, "msg rcv total": 13594, "msg sent total": 16507}, "my-scheduler-6f99ff999d-5gch9": {"setup time": 27.002357453, "avg time per iter": 23139, "total time": 439641, "total iter": 18, "msg rcv total": 16507, "msg sent total": 10643}, "my-scheduler-6f99ff999d-5mffb": {"setup time": 21.773771809, "avg time per iter": 23405.78947368421, "total time": 444710, "total iter": 18, "msg rcv total": 16507, "msg sent total": 10681}, "my-scheduler-6f99ff999d-5qr6q": {"setup time": 30.083824704, "avg time per iter": 23539.21052631579, "total time": 447245, "total iter": 18, "msg rcv total": 11652, "msg sent total": 14565}, "my-scheduler-6f99ff999d-5vpkr": {"setup time": 23.111023362, "avg time per iter": 22977.63157894737, "total time": 436575, "total iter": 18, "msg rcv total": 15536, "msg sent total": 8739}, "my-scheduler-6f99ff999d-62r4n": {"setup time": 20.480632214, "avg time per iter": 23138.894736842107, "total time": 439639, "total iter": 18, "msg rcv total": 16507, "msg sent total": 7768}, "my-scheduler-6f99ff999d-6llh8": {"setup time": 26.691948963, "avg time per iter": 22787.473684210527, "total time": 432962, "total iter": 18, "msg rcv total": 17478, "msg sent total": 22333}, "my-scheduler-6f99ff999d-6pl62": {"setup time": 28.425392768, "avg time per iter": 23272.105263157893, "total time": 442170, "total iter": 18, "msg rcv total": 9710, "msg sent total": 11652}, "my-scheduler-6f99ff999d-6x257": {"setup time": 31.590408052, "avg time per iter": 23451.157894736843, "total time": 445572, "total iter": 18, "msg rcv total": 16507, "msg sent total": 11652}, "my-scheduler-6f99ff999d-7j2sm": {"setup time": 28.752151648999998, "avg time per iter": 23260.052631578947, "total time": 441941, "total iter": 18, "msg rcv total": 15536, "msg sent total": 18449}, "my-scheduler-6f99ff999d-7pjqb": {"setup time": 31.139894127, "avg time per iter": 23523.42105263158, "total time": 446945, "total iter": 18, "msg rcv total": 13594, "msg sent total": 20353}, "my-scheduler-6f99ff999d-7w8jj": {"setup time": 31.786981163, "avg time per iter": 23454.263157894737, "total time": 445631, "total iter": 18, "msg rcv total": 13594, "msg sent total": 17478}, "my-scheduler-6f99ff999d-8h4rr": {"setup time": 25.260370116, "avg time per iter": 22839, "total time": 433941, "total iter": 18, "msg rcv total": 5826, "msg sent total": 12623}, "my-scheduler-6f99ff999d-8jmbm": {"setup time": 20.502692192, "avg time per iter": 23436.684210526317, "total time": 445297, "total iter": 18, "msg rcv total": 20391, "msg sent total": 16507}, "my-scheduler-6f99ff999d-8p9pv": {"setup time": 20.986412849, "avg time per iter": 23198.052631578947, "total time": 440763, "total iter": 18, "msg rcv total": 14565, "msg sent total": 15498}, "my-scheduler-6f99ff999d-8xprj": {"setup time": 19.05532044, "avg time per iter": 23257.526315789473, "total time": 441893, "total iter": 18, "msg rcv total": 14565, "msg sent total": 14565}, "my-scheduler-6f99ff999d-8zsl5": {"setup time": 26.205952099, "avg time per iter": 22877.473684210527, "total time": 434672, "total iter": 18, "msg rcv total": 12623, "msg sent total": 15536}, "my-scheduler-6f99ff999d-92gvs": {"setup time": 23.318825617, "avg time per iter": 23020.473684210527, "total time": 437389, "total iter": 18, "msg rcv total": 16507, "msg sent total": 14565}, "my-scheduler-6f99ff999d-9cx8g": {"setup time": 33.642322069, "avg time per iter": 23283.315789473683, "total time": 442383, "total iter": 18, "msg rcv total": 17727, "msg sent total": 10681}, "my-scheduler-6f99ff999d-9shnb": {"setup time": 18.863324998, "avg time per iter": 23451.21052631579, "total time": 445573, "total iter": 18, "msg rcv total": 21362, "msg sent total": 20391}, "my-scheduler-6f99ff999d-9sldh": {"setup time": 17.04408151, "avg time per iter": 23339.684210526317, "total time": 443454, "total iter": 18, "msg rcv total": 12623, "msg sent total": 12623}, "my-scheduler-6f99ff999d-bbvng": {"setup time": 22.826148724, "avg time per iter": 23393.684210526317, "total time": 444480, "total iter": 18, "msg rcv total": 19420, "msg sent total": 15536}, "my-scheduler-6f99ff999d-bnf2v": {"setup time": 24.816159151, "avg time per iter": 23138.947368421053, "total time": 439640, "total iter": 18, "msg rcv total": 25246, "msg sent total": 17478}, "my-scheduler-6f99ff999d-bnkxp": {"setup time": 19.653800741, "avg time per iter": 23406.36842105263, "total time": 444721, "total iter": 18, "msg rcv total": 15536, "msg sent total": 19420}, "my-scheduler-6f99ff999d-bnvrj": {"setup time": 24.104613653, "avg time per iter": 23564.263157894737, "total time": 447721, "total iter": 18, "msg rcv total": 18449, "msg sent total": 10681}, "my-scheduler-6f99ff999d-c7nnn": {"setup time": 19.989224958, "avg time per iter": 23238.157894736843, "total time": 441525, "total iter": 18, "msg rcv total": 13594, "msg sent total": 10643}, "my-scheduler-6f99ff999d-ckt78": {"setup time": 26.881351707, "avg time per iter": 23127.78947368421, "total time": 439428, "total iter": 18, "msg rcv total": 15536, "msg sent total": 6797}, "my-scheduler-6f99ff999d-cvvzg": {"setup time": 22.253805391, "avg time per iter": 23249.842105263157, "total time": 441747, "total iter": 18, "msg rcv total": 15536, "msg sent total": 12623}, "my-scheduler-6f99ff999d-d6kcv": {"setup time": 26.145651476, "avg time per iter": 23273.36842105263, "total time": 442194, "total iter": 18, "msg rcv total": 13594, "msg sent total": 12623}, "my-scheduler-6f99ff999d-ds8f8": {"setup time": 29.705990363, "avg time per iter": 23483.42105263158, "total time": 446185, "total iter": 18, "msg rcv total": 21362, "msg sent total": 14527}, "my-scheduler-6f99ff999d-dtjb2": {"setup time": 29.856486352, "avg time per iter": 23515.473684210527, "total time": 446794, "total iter": 18, "msg rcv total": 16507, "msg sent total": 21324}, "my-scheduler-6f99ff999d-g9grc": {"setup time": 23.550254131, "avg time per iter": 23488.42105263158, "total time": 446280, "total iter": 18, "msg rcv total": 16507, "msg sent total": 15536}, "my-scheduler-6f99ff999d-gbwqq": {"setup time": 20.245605611, "avg time per iter": 23296.42105263158, "total time": 442632, "total iter": 18, "msg rcv total": 15536, "msg sent total": 7768}, "my-scheduler-6f99ff999d-gt5d5": {"setup time": 28.878776432, "avg time per iter": 22911.315789473683,