{"0": {"my-controller": {"left elements": [15, 16, 5]}, "my-scheduler-5c6d6994cb-7x5pq": {"got jobs": [11, 1, 3], "initial w": 16.000000077183458, "final w": 1.0000000771834578}, "my-scheduler-5c6d6994cb-8t6n8": {"got jobs": [12, 14, 10, 1], "initial w": 39.99999985142327, "final w": 2.9999998514232686}, "my-scheduler-5c6d6994cb-bq8s2": {"got jobs": [14, 3, 4], "initial w": 30.999999363280033, "final w": 9.999999363280033}, "my-scheduler-5c6d6994cb-h4l2d": {"got jobs": [39], "initial w": 41.000000244435505, "final w": 2.0000002444355047}, "my-scheduler-5c6d6994cb-j5rdp": {"got jobs": [5, 1, 4, 3, 16, 8, 1], "initial w": 39.99999842326833, "final w": 1.9999984232683303}, "my-scheduler-5c6d6994cb-kzhs6": {"got jobs": [22, 4, 2, 3, 1], "initial w": 42.000000131786784, "final w": 10.000000131786784}, "my-scheduler-5c6d6994cb-lkf2g": {"got jobs": [19, 4, 7, 1], "initial w": 35.00000023707467, "final w": 4.000000237074673}, "my-scheduler-5c6d6994cb-nt7s4": {"got jobs": [], "initial w": -8.9999999048635, "final w": -8.9999999048635}, "my-scheduler-5c6d6994cb-qwk64": {"got jobs": [], "initial w": 12.999999898707607, "final w": 12.999999898707607}}}