{"0": {"my-scheduler-7478985f44-26clg": {"got jobs": [10], "initial w": 17.290000045483353, "final w": 7.290000045483353}, "my-scheduler-7478985f44-2jnn2": {"got jobs": [2, 8], "initial w": 11.290000041575261, "final w": 1.2900000415752615}, "my-scheduler-7478985f44-2pgj9": {"got jobs": [9, 9, 2, 2, 1, 4], "initial w": 27.289999961206945, "final w": 0.28999996120694504}, "my-scheduler-7478985f44-2pnfs": {"got jobs": [5, 8, 1, 1, 9], "initial w": 29.289999950419833, "final w": 5.289999950419833}, "my-scheduler-7478985f44-2tbw4": {"got jobs": [8, 2, 2, 9, 15], "initial w": 42.28999986186904, "final w": 6.289999861869042}, "my-scheduler-7478985f44-45vl6": {"got jobs": [35, 7, 1, 1], "initial w": 45.28999993681638, "final w": 1.289999936816379}, "my-scheduler-7478985f44-52vbg": {"got jobs": [], "initial w": 4.290000020974766, "final w": 4.290000020974766}, "my-scheduler-7478985f44-54lgg": {"got jobs": [2, 1, 5, 2, 4], "initial w": 17.289999972283276, "final w": 3.289999972283276}, "my-scheduler-7478985f44-5b7fx": {"got jobs": [1, 2, 2, 1, 4], "initial w": 10.289999955191476, "final w": 0.28999995519147603}, "my-scheduler-7478985f44-5ps6w": {"got jobs": [28, 1, 2, 1, 4, 1], "initial w": 37.28999994482107, "final w": 0.2899999448210693}, "my-scheduler-7478985f44-67j8g": {"got jobs": [18], "initial w": 18.290000010949107, "final w": 0.29000001094910743}, "my-scheduler-7478985f44-6slg2": {"got jobs": [13, 2, 2, 1], "initial w": 19.290000049752123, "final w": 1.2900000497521233}, "my-scheduler-7478985f44-87btg": {"got jobs": [40, 1], "initial w": 41.28999997487546, "final w": 0.2899999748754567}, "my-scheduler-7478985f44-9nlbl": {"got jobs": [3, 19, 3], "initial w": 26.28999999509422, "final w": 1.2899999950942203}, "my-scheduler-7478985f44-9xjwc": {"got jobs": [27, 4], "initial w": 32.28999999919553, "final w": 1.2899999991955298}, "my-scheduler-7478985f44-b9cbp": {"got jobs": [5, 2], "initial w": 7.289999998298967, "final w": 0.28999999829896694}, "my-scheduler-7478985f44-bmccp": {"got jobs": [19, 1, 1, 8, 4, 1], "initial w": 35.290000032993625, "final w": 1.2900000329936248}, "my-scheduler-7478985f44-brfpl": {"got jobs": [42, 2], "initial w": 44.2900000704533, "final w": 0.2900000704533028}, "my-scheduler-7478985f44-d2qrg": {"got jobs": [18, 6, 4], "initial w": 28.2900000311553, "final w": 0.2900000311553015}, "my-scheduler-7478985f44-dbd7q": {"got jobs": [2, 5, 16], "initial w": 23.289999935960694, "final w": 0.28999993596069373}, "my-scheduler-7478985f44-dlts9": {"got jobs": [], "initial w": 1.2900000202971356, "final w": 1.2900000202971356}, "my-scheduler-7478985f44-dxr22": {"got jobs": [18], "initial w": 20.289999942014035, "final w": 2.2899999420140347}, "my-scheduler-7478985f44-f96j7": {"got jobs": [40, 1, 1], "initial w": 42.28999994991011, "final w": 0.28999994991011135}, "my-scheduler-7478985f44-fkqms": {"got jobs": [25, 6, 2, 3], "initial w": 36.290000009420815, "final w": 0.2900000094208153}, "my-scheduler-7478985f44-fn4sr": {"got jobs": [26], "initial w": 27.289999939874505, "final w": 1.2899999398745052}, "my-scheduler-7478985f44-fpjqf": {"got jobs": [2, 4, 17, 4, 1], "initial w": 31.29000000647875, "final w": 3.290000006478749}, "my-scheduler-7478985f44-fxq54": {"got jobs": [19, 1, 1, 5, 1, 1], "initial w": 37.2899999671655, "final w": 9.2899999671655}, "my-scheduler-7478985f44-fxsmr": {"got jobs": [3, 2, 6, 1, 12, 13], "initial w": 45.28999991278205, "final w": 8.28999991278205}, "my-scheduler-7478985f44-g54t2": {"got jobs": [24, 3, 2, 3], "initial w": 34.28999999803829, "final w": 2.28999999803829}, "my-scheduler-7478985f44-g762k": {"got jobs": [21, 3, 2, 2, 1], "initial w": 37.28999993200171, "final w": 8.289999932001713}, "my-scheduler-7478985f44-g7nzc": {"got jobs": [4, 2, 2, 2, 8, 17, 8], "initial w": 44.29000004640115, "final w": 1.290000046401147}, "my-scheduler-7478985f44-gbvgm": {"got jobs": [11, 8, 1, 1, 1], "initial w": 31.289999990638677, "final w": 9.289999990638677}, "my-scheduler-7478985f44-gc85d": {"got jobs": [24, 7, 3, 1, 1], "initial w": 44.289999993087115, "final w": 8.289999993087115}, "my-scheduler-7478985f44-gdgdw": {"got jobs": [36, 3, 2], "initial w": 41.29000013055261, "final w": 0.2900001305526132}, "my-scheduler-7478985f44-gvn8w": {"got jobs": [35], "initial w": 36.29000000286688, "final w": 1.2900000028668828}, "my-scheduler-7478985f44-h52jc": {"got jobs": [39], "initial w": 43.29000005209414, "final w": 4.290000052094143}, "my-scheduler-7478985f44-h8ntk": {"got jobs": [3, 2, 1, 1, 1], "initial w": 8.290000006648413, "final w": 0.2900000066484125}, "my-scheduler-7478985f44-hkgcx": {"got jobs": [4, 3, 8], "initial w": 15.289999912012078, "final w": 0.2899999120120782}, "my-scheduler-7478985f44-jd7pj": {"got jobs": [19, 3, 4, 5], "initial w": 32.29000000198088, "final w": 1.2900000019808786}, "my-scheduler-7478985f44-jdgfx": {"got jobs": [], "initial w": -3.7099999852020886, "final w": -3.7099999852020886}, "my-scheduler-7478985f44-jvftc": {"got jobs": [2, 4, 4, 1, 1, 16], "initial w": 28.289999975689682, "final w": 0.28999997568968183}, "my-scheduler-7478985f44-k7fsl": {"got jobs": [7, 4, 1], "initial w": 15.290000141582993, "final w": 3.2900001415829934}, "my-scheduler-7478985f44-kbl52": {"got jobs": [9, 2, 2, 1], "initial w": 17.289999957401008, "final w": 3.289999957401008}, "my-scheduler-7478985f44-klrz2": {"got jobs": [38, 3, 1], "initial w": 42.28999992953478, "final w": 0.2899999295347797}, "my-scheduler-7478985f44-ksjbt": {"got jobs": [], "initial w": 0.29000000702628626, "final w": 0.29000000702628626}, "my-scheduler-7478985f44-kw4c2": {"got jobs": [27, 17, 1], "initial w": 45.28999997724246, "final w": 0.2899999772424593}, "my-scheduler-7478985f44-lkbb2": {"got jobs": [], "initial w": -0.7099999485160211, "final w": -0.7099999485160211}, "my-scheduler-7478985f44-lq7d9": {"got jobs": [31, 2, 4, 1, 1, 1], "initial w": 40.289999989532475, "final w": 0.2899999895324754}, "my-scheduler-7478985f44-ltl8n": {"got jobs": [24, 5, 8, 3, 1], "initial w": 44.290000068463335, "final w": 3.2900000684633355}, "my-scheduler-7478985f44-lwntw": {"got jobs": [7, 3, 3, 1, 9, 9], "initial w": 39.290000097617806, "final w": 7.290000097617806}, "my-scheduler-7478985f44-m7jfm": {"got jobs": [34, 1, 1, 3, 2, 1], "initial w": 44.28999996747928, "final w": 2.2899999674792824}, "my-scheduler-7478985f44-m8bkv": {"got jobs": [2, 1, 1, 3], "initial w": 7.289999993714929, "final w": 0.2899999937149289}, "my-scheduler-7478985f44-m9zjb": {"got jobs": [28], "initial w": 28.290000012672984, "final w": 0.2900000126729836}, "my-scheduler-7478985f44-mds62": {"got jobs": [10], "initial w": 13.289999992029664, "final w": 3.2899999920296636}, "my-scheduler-7478985f44-mhsmk": {"got jobs": [32, 2, 6, 1], "initial w": 42.290000090192656, "final w": 1.290000090192656}, "my-scheduler-7478985f44-mn5fj": {"got jobs": [28, 2], "initial w": 31.289999913156805, "final w": 1.2899999131568052}, "my-scheduler-7478985f44-mqg6v": {"got jobs": [23, 2, 1], "initial w": 26.290000033487452, "final w": 0.29000003348745196}, "my-scheduler-7478985f44-mtxts": {"got jobs": [3], "initial w": 3.2899999404471956, "final w": 0.28999994044719557}, "my-scheduler-7478985f44-n2p8z": {"got jobs": [3, 9, 5, 15, 1], "initial w": 43.290000096785235, "final w": 10.290000096785235}, "my-scheduler-7478985f44-n4582": {"got jobs": [18, 1, 2, 1, 1], "initial w": 30.289999940458593, "final w": 7.289999940458593}, "my-scheduler-7478985f44-n6hfl": {"got jobs": [6, 17, 3, 1], "initial w": 28.289999885937746, "final w": 1.2899998859377462}, "my-scheduler-7478985f44-n8ljf": {"got jobs": [], "initial w": -3.709999982175354, "final w": -3.709999982175354}, "my-scheduler-7478985f44-ncwqj": {"got jobs": [6, 3, 3], "initial w": 12.290000051649933, "final w": 0.29000005164993325}, "my-scheduler-7478985f44-nlx7j": {"got jobs": [44, 1], "initial w": 45.289999954630005, "final w": 0.28999995463000516}, "my-scheduler-7478985f44-nm5zx": {"got jobs": [], "initial w": -4.710000035232042,