{"0": {"my-scheduler-699857cc68-2rm9j": {"setup time": 26.065844197, "avg time per iter": 5589.285714285715, "total time": 117375, "total iter": 20, "msg rcv total": 22533, "msg sent total": 12876}, "my-scheduler-699857cc68-4b4cx": {"setup time": 21.783445089, "avg time per iter": 6064.857142857143, "total time": 127362, "total iter": 20, "msg rcv total": 15022, "msg sent total": 21460}, "my-scheduler-699857cc68-4db4w": {"setup time": 24.684869447, "avg time per iter": 6020.571428571428, "total time": 126432, "total iter": 20, "msg rcv total": 18241, "msg sent total": 16095}, "my-scheduler-699857cc68-4dsnb": {"setup time": 23.340105273, "avg time per iter": 6499.952380952381, "total time": 136499, "total iter": 20, "msg rcv total": 10730, "msg sent total": 16095}, "my-scheduler-699857cc68-4jnvl": {"setup time": 30.590442107, "avg time per iter": 5980.571428571428, "total time": 125592, "total iter": 20, "msg rcv total": 15022, "msg sent total": 15022}, "my-scheduler-699857cc68-4p5wc": {"setup time": 20.576196065, "avg time per iter": 5978.285714285715, "total time": 125544, "total iter": 20, "msg rcv total": 3219, "msg sent total": 17168}, "my-scheduler-699857cc68-4vtlr": {"setup time": 23.378351476, "avg time per iter": 5754.666666666667, "total time": 120848, "total iter": 20, "msg rcv total": 17168, "msg sent total": 16095}, "my-scheduler-699857cc68-4zsfk": {"setup time": 32.115231225, "avg time per iter": 5906.047619047619, "total time": 124027, "total iter": 20, "msg rcv total": 15022, "msg sent total": 9657}, "my-scheduler-699857cc68-5879q": {"setup time": 29.927395203, "avg time per iter": 6029.666666666667, "total time": 126623, "total iter": 20, "msg rcv total": 20387, "msg sent total": 17126}, "my-scheduler-699857cc68-5hkmh": {"setup time": 24.710595001, "avg time per iter": 5775.857142857143, "total time": 121293, "total iter": 20, "msg rcv total": 17168, "msg sent total": 9657}, "my-scheduler-699857cc68-5j4hx": {"setup time": 32.187006762, "avg time per iter": 5599.571428571428, "total time": 117591, "total iter": 20, "msg rcv total": 15022, "msg sent total": 15022}, "my-scheduler-699857cc68-5nxkz": {"setup time": 21.328075692, "avg time per iter": 5646.428571428572, "total time": 118575, "total iter": 20, "msg rcv total": 13949, "msg sent total": 23606}, "my-scheduler-699857cc68-5skp7": {"setup time": 20.003781934, "avg time per iter": 5673.190476190476, "total time": 119137, "total iter": 20, "msg rcv total": 18241, "msg sent total": 23606}, "my-scheduler-699857cc68-5t9hr": {"setup time": 18.575174791, "avg time per iter": 5462.714285714285, "total time": 114717, "total iter": 20, "msg rcv total": 20387, "msg sent total": 18199}, "my-scheduler-699857cc68-6hzbq": {"setup time": 31.844172081, "avg time per iter": 6020.619047619048, "total time": 126433, "total iter": 20, "msg rcv total": 25752, "msg sent total": 19314}, "my-scheduler-699857cc68-6nhln": {"setup time": 29.794487242, "avg time per iter": 5953.285714285715, "total time": 125019, "total iter": 20, "msg rcv total": 13949, "msg sent total": 13949}, "my-scheduler-699857cc68-6qccd": {"setup time": 29.062843618, "avg time per iter": 5576.476190476191, "total time": 117106, "total iter": 20, "msg rcv total": 15022, "msg sent total": 16095}, "my-scheduler-699857cc68-6w8xq": {"setup time": 26.621861636, "avg time per iter": 5754.761904761905, "total time": 120850, "total iter": 20, "msg rcv total": 17168, "msg sent total": 13949}, "my-scheduler-699857cc68-7kw2s": {"setup time": 21.908099601, "avg time per iter": 5490.714285714285, "total time": 115305, "total iter": 20, "msg rcv total": 13949, "msg sent total": 11803}, "my-scheduler-699857cc68-88mr9": {"setup time": 24.02159974, "avg time per iter": 5617.380952380952, "total time": 117965, "total iter": 20, "msg rcv total": 20387, "msg sent total": 9657}, "my-scheduler-699857cc68-88rq2": {"setup time": 32.805306087, "avg time per iter": 5743.380952380952, "total time": 120611, "total iter": 20, "msg rcv total": 15022, "msg sent total": 20387}, "my-scheduler-699857cc68-8hqgc": {"setup time": 27.066931206, "avg time per iter": 6033.333333333333, "total time": 126700, "total iter": 20, "msg rcv total": 18241, "msg sent total": 13907}, "my-scheduler-699857cc68-8tffp": {"setup time": 25.487878323, "avg time per iter": 5495.666666666667, "total time": 115409, "total iter": 20, "msg rcv total": 13949, "msg sent total": 20345}, "my-scheduler-699857cc68-9c8cm": {"setup time": 28.232091666, "avg time per iter": 5837.952380952381, "total time": 122597, "total iter": 20, "msg rcv total": 11803, "msg sent total": 17168}, "my-scheduler-699857cc68-9cdst": {"setup time": 34.582250474, "avg time per iter": 5674.714285714285, "total time": 119169, "total iter": 20, "msg rcv total": 12876, "msg sent total": 19314}, "my-scheduler-699857cc68-9cm5g": {"setup time": 28.761956574, "avg time per iter": 5382.809523809524, "total time": 113039, "total iter": 20, "msg rcv total": 11803, "msg sent total": 12834}, "my-scheduler-699857cc68-9gjsj": {"setup time": 17.842201809, "avg time per iter": 5652.476190476191, "total time": 118702, "total iter": 20, "msg rcv total": 16095, "msg sent total": 19314}, "my-scheduler-699857cc68-9jz5w": {"setup time": 19.362035322, "avg time per iter": 6706.9047619047615, "total time": 140845, "total iter": 20, "msg rcv total": 15022, "msg sent total": 23606}, "my-scheduler-699857cc68-b9z92": {"setup time": 21.718999599, "avg time per iter": 5696.333333333333, "total time": 119623, "total iter": 20, "msg rcv total": 8584, "msg sent total": 23606}, "my-scheduler-699857cc68-bf8rp": {"setup time": 24.331589012, "avg time per iter": 5659.285714285715, "total time": 118845, "total iter": 20, "msg rcv total": 15022, "msg sent total": 9657}, "my-scheduler-699857cc68-bv4ks": {"setup time": 26.031122535, "avg time per iter": 5579.0952380952385, "total time": 117161, "total iter": 20, "msg rcv total": 21460, "msg sent total": 15022}, "my-scheduler-699857cc68-c572f": {"setup time": 31.88251495, "avg time per iter": 5872.619047619048, "total time": 123325, "total iter": 20, "msg rcv total": 12876, "msg sent total": 16095}, "my-scheduler-699857cc68-cddxg": {"setup time": 29.410068383, "avg time per iter": 5841.761904761905, "total time": 122677, "total iter": 20, "msg rcv total": 17168, "msg sent total": 15022}, "my-scheduler-699857cc68-cnjll": {"setup time": 28.982564861, "avg time per iter": 5461.523809523809, "total time": 114692, "total iter": 20, "msg rcv total": 19314, "msg sent total": 16095}, "my-scheduler-699857cc68-cnpd5": {"setup time": 24.795296835, "avg time per iter": 5662.857142857143, "total time": 118920, "total iter": 20, "msg rcv total": 13949, "msg sent total": 10730}, "my-scheduler-699857cc68-cq8xc": {"setup time": 33.576701206, "avg time per iter": 5380.0952380952385, "total time": 112982, "total iter": 20, "msg rcv total": 17168, "msg sent total": 12876}, "my-scheduler-699857cc68-ddqq2": {"setup time": 24.833143634, "avg time per iter": 6012.9047619047615, "total time": 126271, "total iter": 20, "msg rcv total": 13949, "msg sent total": 21460}, "my-scheduler-699857cc68-dlfd2": {"setup time": 32.260108514, "avg time per iter": 5862.523809523809, "total time": 123113, "total iter": 20, "msg rcv total": 11803, "msg sent total": 15022}, "my-scheduler-699857cc68-dn797": {"setup time": 22.96990423, "avg time per iter": 5647.761904761905, "total time": 118603, "total iter": 20, "msg rcv total": 20387, "msg sent total": 17168}, "my-scheduler-699857cc68-dp9q8": {"setup time": 24.679344468, "avg time per iter": 6705.523809523809, "total time": 140816, "total iter": 20, "msg rcv total": 12876, "msg sent total": 12876}, "my-scheduler-699857cc68-dqf9p": {"setup time": 23.777744137, "avg time per iter": 6019.285714285715, "total time": 126405, "total iter": 20, "msg rcv total": 10730, "msg sent total": 13949}, "my-scheduler-699857cc68-dr26j": {"setup time": 31.829864115, "avg time per iter": 5546.142857142857, "total time": 116469,