{"0": {"my-controller": {"left elements": [], "time taken": 5969}, "my-scheduler-584c8c576b-4qbvd": {"got jobs": [], "initial w": -8.9999999048635, "final w": -8.9999999048635}, "my-scheduler-584c8c576b-8rljt": {"got jobs": [19, 4, 5, 5, 7, 1], "initial w": 41.000000244435505, "final w": 2.4443550472597053e-07}, "my-scheduler-584c8c576b-8t84k": {"got jobs": [10, 3, 15, 1], "initial w": 30.999999363280033, "final w": 1.9999993632800326}, "my-scheduler-584c8c576b-fwgm2": {"got jobs": [12, 3, 14, 1, 4], "initial w": 35.00000023707467, "final w": 1.0000002370746728}, "my-scheduler-584c8c576b-hbvll": {"got jobs": [4, 4, 2], "initial w": 12.999999898707607, "final w": 2.999999898707607}, "my-scheduler-584c8c576b-lprt9": {"got jobs": [39], "initial w": 39.99999985142327, "final w": 0.9999998514232686}, "my-scheduler-584c8c576b-ppddt": {"got jobs": [11, 14, 1, 1, 8, 3], "initial w": 39.99999842326833, "final w": 1.9999984232683303}, "my-scheduler-584c8c576b-t7n4m": {"got jobs": [16], "initial w": 16.000000077183465, "final w": 7.718346495266815e-08}, "my-scheduler-584c8c576b-tb4xp": {"got jobs": [22, 16, 1, 3], "initial w": 42.000000131786784, "final w": 1.3178678415215472e-07}}, "1": {"my-controller": {"left elements": [1, 12, 6], "time taken": 4930}, "my-scheduler-584c8c576b-4qbvd": {"got jobs": [5, 5, 11], "initial w": 26.33333275160245, "final w": 5.333332751602448}, "my-scheduler-584c8c576b-8rljt": {"got jobs": [], "initial w": 2.333333711399959, "final w": 2.333333711399959}, "my-scheduler-584c8c576b-8t84k": {"got jobs": [45], "initial w": 46.33333482911377, "final w": 1.3333348291137668}, "my-scheduler-584c8c576b-fwgm2": {"got jobs": [39, 1], "initial w": 40.33333335464889, "final w": 0.333333354648893}, "my-scheduler-584c8c576b-hbvll": {"got jobs": [4, 1], "initial w": 6.333334407970767, "final w": 1.3333344079707672}, "my-scheduler-584c8c576b-lprt9": {"got jobs": [1, 4, 3, 12, 7, 14, 4], "initial w": 47.3333328611466, "final w": 2.3333328611466015}, "my-scheduler-584c8c576b-ppddt": {"got jobs": [8], "initial w": 9.333334055000485, "final w": 1.3333340550004849}, "my-scheduler-584c8c576b-t7n4m": {"got jobs": [8, 7, 1, 3, 1], "initial w": 20.33333426758977, "final w": 0.3333342675897697}, "my-scheduler-584c8c576b-tb4xp": {"got jobs": [34, 5], "initial w": 43.33333314395834, "final w": 4.333333143958342}}, "2": {"my-controller": {"left elements": [7, 14], "time taken": 9288}, "my-scheduler-584c8c576b-4qbvd": {"got jobs": [8], "initial w": 8.77777775513686, "final w": 0.7777777551368601}, "my-scheduler-584c8c576b-8rljt": {"got jobs": [19, 1], "initial w": 27.777777596226358, "final w": 7.777777596226358}, "my-scheduler-584c8c576b-8t84k": {"got jobs": [5, 12, 4, 3, 1], "initial w": 26.777778087314616, "final w": 1.7777780873146156}, "my-scheduler-584c8c576b-fwgm2": {"got jobs": [38, 1, 3], "initial w": 43.777777624403235, "final w": 1.7777776244032353}, "my-scheduler-584c8c576b-hbvll": {"got jobs": [41], "initial w": 41.77777777196516, "final w": 0.7777777719651624}, "my-scheduler-584c8c576b-lprt9": {"got jobs": [31], "initial w": 31.77777790407677, "final w": 0.7777779040767712}, "my-scheduler-584c8c576b-ppddt": {"got jobs": [8, 9, 8], "initial w": 26.777778740674826, "final w": 1.777778740674826}, "my-scheduler-584c8c576b-t7n4m": {"got jobs": [23, 8, 2], "initial w": 35.77777766684868, "final w": 2.777777666848678}, "my-scheduler-584c8c576b-tb4xp": {"got jobs": [13, 6, 4, 1], "initial w": 26.777777705792502, "final w": 2.777777705792502}}, "3": {"my-controller": {"left elements": [45], "time taken": 9324}, "my-scheduler-584c8c576b-4qbvd": {"got jobs": [34, 2, 3, 3], "initial w": 42.888888994795074, "final w": 0.8888889947950744}, "my-scheduler-584c8c576b-8rljt": {"got jobs": [27, 2], "initial w": 30.888888428252436, "final w": 1.8888884282524359}, "my-scheduler-584c8c576b-8t84k": {"got jobs": [12, 11, 1, 2, 2, 1, 2, 1], "initial w": 36.88888911828346, "final w": 4.888889118283458}, "my-scheduler-584c8c576b-fwgm2": {"got jobs": [15, 7, 2, 3, 1], "initial w": 29.88888857716826, "final w": 1.8888885771682595}, "my-scheduler-584c8c576b-hbvll": {"got jobs": [35], "initial w": 35.88888859812885, "final w": 0.888888598128851}, "my-scheduler-584c8c576b-lprt9": {"got jobs": [2, 5, 2, 16], "initial w": 25.888889263689038, "final w": 0.8888892636890375}, "my-scheduler-584c8c576b-ppddt": {"got jobs": [7, 1, 1, 1], "initial w": 41.888890623743244, "final w": 31.888890623743244}, "my-scheduler-584c8c576b-t7n4m": {"got jobs": [7, 5, 7, 6, 9, 2], "initial w": 36.88888842474398, "final w": 0.8888884247439819}, "my-scheduler-584c8c576b-tb4xp": {"got jobs": [24], "initial w": 24.8888887943627, "final w": 0.8888887943626997}}, "4": {"my-controller": {"left elements": [53], "time taken": 4373}, "my-scheduler-584c8c576b-4qbvd": {"got jobs": [4, 3, 1, 1], "initial w": 11.88888948719265, "final w": 2.8888894871926496}, "my-scheduler-584c8c576b-8rljt": {"got jobs": [39, 8], "initial w": 48.888888019902154, "final w": 1.8888880199021543}, "my-scheduler-584c8c576b-8t84k": {"got jobs": [15, 8, 2, 10, 1], "initial w": 41.88888796526304, "final w": 5.888887965263038}, "my-scheduler-584c8c576b-fwgm2": {"got jobs": [20, 7, 1], "initial w": 28.88888848975376, "final w": 0.8888884897537608}, "my-scheduler-584c8c576b-hbvll": {"got jobs": [1, 2, 5], "initial w": 28.888887666970113, "final w": 20.888887666970113}, "my-scheduler-584c8c576b-lprt9": {"got jobs": [3, 9, 4, 17, 1], "initial w": 34.88888972854253, "final w": 0.8888897285425301}, "my-scheduler-584c8c576b-ppddt": {"got jobs": [2, 2, 15, 17], "initial w": 48.88889043379177, "final w": 12.888890433791772}, "my-scheduler-584c8c576b-t7n4m": {"got jobs": [], "initial w": -1.1111124324608568, "final w": -1.1111124324608568}, "my-scheduler-584c8c576b-tb4xp": {"got jobs": [29, 7, 2, 1, 1], "initial w": 47.88888892555495, "final w": 7.8888889255549515}}, "5": {"my-controller": {"left elements": [55, 52], "time taken": 7173}, "my-scheduler-584c8c576b-4qbvd": {"got jobs": [7, 2, 1, 1], "initial w": 12.222223429329745, "final w": 1.2222234293297447}, "my-scheduler-584c8c576b-8rljt": {"got jobs": [20, 2], "initial w": 28.222223080660342, "final w": 6.222223080660342}, "my-scheduler-584c8c576b-8t84k": {"got jobs": [21, 15, 1, 2], "initial w": 49.222217014711326, "final w": 10.222217014711326}, "my-scheduler-584c8c576b-fwgm2": {"got jobs": [8, 1, 11], "initial w": 38.22222346872456, "final w": 18.222223468724557}, "my-scheduler-584c8c576b-hbvll": {"got jobs": [2, 11, 2], "initial w": 49.22222039119943, "final w": 34.22222039119943}, "my-scheduler-584c8c576b-lprt9": {"got jobs": [5, 2, 1, 1], "initial w": 27.22222199094913, "final w": 18.22222199094913}, "my-scheduler-584c8c576b-ppddt": {"got jobs": [30, 9, 1], "initial w": 49.22221289974091, "final w": 9.22221289974091}, "my-scheduler-584c8c576b-t7n4m": {"got jobs": [8, 1, 1], "initial w": 10.22222151669503, "final w": 0.2222215166950292}, "my-scheduler-584c8c576b-tb4xp": {"got jobs": [32, 3, 2, 1], "initial w": 47.222223156007374, "final w": 9.222223156007374}}, "6": {"my-controller": {"left elements": [43], "time taken": 10397}, "my-scheduler-584c8c576b-4qbvd": {"got jobs": [21, 1, 1, 3, 2], "initial w": 30.33333510647956, "final w": 2.3333351064795593}, "my-scheduler-584c8c576b-8rljt": {"got jobs": [6, 11, 1], "initial w": 18.333333931360464, "final w": 0.33333393136046396}, "my-scheduler-584c8c576b-8t84k": {"got jobs": [13, 8, 2, 2, 1], "initial w": 27.3333265334133, "final w": 1.3333265334132989}, "my-scheduler-584c8c576b-fwgm2": {"got jobs": [3, 17, 9], "initial w": 31.33333464197598, "final w": 2.3333346419759806}, "my-scheduler-584c8c576b-hbvll": {"got jobs": [], "initial w": -7.666669516897585, "final w": -7.666669516897585}, "my-scheduler-584c8c576b-lprt9": {"got jobs": [20, 2, 1, 1, 5], "initial w": 40.33333348351853, "final w": 11.33333348351853}, "my-scheduler-584c8c576b-ppddt": {"got jobs": [25, 4, 5, 2, 1], "initial w": 40.3333228047302, "final w": 3.3333228047302015},